entity_id,type,unit,2026-03-04T23:00:00.000Z,2026-03-04T23:05:00.000Z,2026-03-04T23:10:00.000Z,2026-03-04T23:15:00.000Z,2026-03-04T23:20:00.000Z,2026-03-04T23:25:00.000Z,2026-03-04T23:30:00.000Z,2026-03-04T23:35:00.000Z,2026-03-04T23:40:00.000Z,2026-03-04T23:45:00.000Z,2026-03-04T23:50:00.000Z,2026-03-04T23:55:00.000Z,2026-03-05T00:00:00.000Z,2026-03-05T00:05:00.000Z,2026-03-05T00:10:00.000Z,2026-03-05T00:15:00.000Z,2026-03-05T00:20:00.000Z,2026-03-05T00:25:00.000Z,2026-03-05T00:30:00.000Z,2026-03-05T00:35:00.000Z,2026-03-05T00:40:00.000Z,2026-03-05T00:45:00.000Z,2026-03-05T00:50:00.000Z,2026-03-05T00:55:00.000Z,2026-03-05T01:00:00.000Z,2026-03-05T01:05:00.000Z,2026-03-05T01:10:00.000Z,2026-03-05T01:15:00.000Z,2026-03-05T01:20:00.000Z,2026-03-05T01:25:00.000Z,2026-03-05T01:30:00.000Z,2026-03-05T01:35:00.000Z,2026-03-05T01:40:00.000Z,2026-03-05T01:45:00.000Z,2026-03-05T01:50:00.000Z,2026-03-05T01:55:00.000Z,2026-03-05T02:00:00.000Z,2026-03-05T02:05:00.000Z,2026-03-05T02:10:00.000Z,2026-03-05T02:15:00.000Z,2026-03-05T02:20:00.000Z,2026-03-05T02:25:00.000Z,2026-03-05T02:30:00.000Z,2026-03-05T02:35:00.000Z,2026-03-05T02:40:00.000Z,2026-03-05T02:45:00.000Z,2026-03-05T02:50:00.000Z,2026-03-05T02:55:00.000Z,2026-03-05T03:00:00.000Z,2026-03-05T03:05:00.000Z,2026-03-05T03:10:00.000Z,2026-03-05T03:15:00.000Z,2026-03-05T03:20:00.000Z,2026-03-05T03:25:00.000Z,2026-03-05T03:30:00.000Z,2026-03-05T03:35:00.000Z,2026-03-05T03:40:00.000Z,2026-03-05T03:45:00.000Z,2026-03-05T03:50:00.000Z,2026-03-05T03:55:00.000Z,2026-03-05T04:00:00.000Z,2026-03-05T04:05:00.000Z,2026-03-05T04:10:00.000Z,2026-03-05T04:15:00.000Z,2026-03-05T04:20:00.000Z,2026-03-05T04:25:00.000Z,2026-03-05T04:30:00.000Z,2026-03-05T04:35:00.000Z,2026-03-05T04:40:00.000Z,2026-03-05T04:45:00.000Z,2026-03-05T04:50:00.000Z,2026-03-05T04:55:00.000Z,2026-03-05T05:00:00.000Z,2026-03-05T05:05:00.000Z,2026-03-05T05:10:00.000Z,2026-03-05T05:15:00.000Z,2026-03-05T05:20:00.000Z,2026-03-05T05:25:00.000Z,2026-03-05T05:30:00.000Z,2026-03-05T05:35:00.000Z,2026-03-05T05:40:00.000Z,2026-03-05T05:45:00.000Z,2026-03-05T05:50:00.000Z,2026-03-05T05:55:00.000Z,2026-03-05T06:00:00.000Z,2026-03-05T06:05:00.000Z,2026-03-05T06:10:00.000Z,2026-03-05T06:15:00.000Z,2026-03-05T06:20:00.000Z,2026-03-05T06:25:00.000Z,2026-03-05T06:30:00.000Z,2026-03-05T06:35:00.000Z,2026-03-05T06:40:00.000Z,2026-03-05T06:45:00.000Z,2026-03-05T06:50:00.000Z,2026-03-05T06:55:00.000Z,2026-03-05T07:00:00.000Z,2026-03-05T07:05:00.000Z,2026-03-05T07:10:00.000Z,2026-03-05T07:15:00.000Z,2026-03-05T07:20:00.000Z,2026-03-05T07:25:00.000Z,2026-03-05T07:30:00.000Z,2026-03-05T07:35:00.000Z,2026-03-05T07:40:00.000Z,2026-03-05T07:45:00.000Z,2026-03-05T07:50:00.000Z,2026-03-05T07:55:00.000Z,2026-03-05T08:00:00.000Z,2026-03-05T08:05:00.000Z,2026-03-05T08:10:00.000Z,2026-03-05T08:15:00.000Z,2026-03-05T08:20:00.000Z,2026-03-05T08:25:00.000Z,2026-03-05T08:30:00.000Z,2026-03-05T08:35:00.000Z,2026-03-05T08:40:00.000Z,2026-03-05T08:45:00.000Z,2026-03-05T08:50:00.000Z,2026-03-05T08:55:00.000Z,2026-03-05T09:00:00.000Z,2026-03-05T09:05:00.000Z,2026-03-05T09:10:00.000Z,2026-03-05T09:15:00.000Z,2026-03-05T09:20:00.000Z,2026-03-05T09:25:00.000Z,2026-03-05T09:30:00.000Z,2026-03-05T09:35:00.000Z,2026-03-05T09:40:00.000Z,2026-03-05T09:45:00.000Z,2026-03-05T09:50:00.000Z,2026-03-05T09:55:00.000Z,2026-03-05T10:00:00.000Z,2026-03-05T10:05:00.000Z,2026-03-05T10:10:00.000Z,2026-03-05T10:15:00.000Z,2026-03-05T10:20:00.000Z,2026-03-05T10:25:00.000Z,2026-03-05T10:30:00.000Z,2026-03-05T10:35:00.000Z,2026-03-05T10:40:00.000Z,2026-03-05T10:45:00.000Z,2026-03-05T10:50:00.000Z,2026-03-05T10:55:00.000Z,2026-03-05T11:00:00.000Z,2026-03-05T11:05:00.000Z,2026-03-05T11:10:00.000Z,2026-03-05T11:15:00.000Z,2026-03-05T11:20:00.000Z,2026-03-05T11:25:00.000Z,2026-03-05T11:30:00.000Z,2026-03-05T11:35:00.000Z,2026-03-05T11:40:00.000Z,2026-03-05T11:45:00.000Z,2026-03-05T11:50:00.000Z,2026-03-05T11:55:00.000Z,2026-03-05T12:00:00.000Z,2026-03-05T12:05:00.000Z,2026-03-05T12:10:00.000Z,2026-03-05T12:15:00.000Z,2026-03-05T12:20:00.000Z,2026-03-05T12:25:00.000Z,2026-03-05T12:30:00.000Z,2026-03-05T12:35:00.000Z,2026-03-05T12:40:00.000Z,2026-03-05T12:45:00.000Z,2026-03-05T12:50:00.000Z,2026-03-05T12:55:00.000Z,2026-03-05T13:00:00.000Z,2026-03-05T13:05:00.000Z,2026-03-05T13:10:00.000Z,2026-03-05T13:15:00.000Z,2026-03-05T13:20:00.000Z,2026-03-05T13:25:00.000Z,2026-03-05T13:30:00.000Z,2026-03-05T13:35:00.000Z,2026-03-05T13:40:00.000Z,2026-03-05T13:45:00.000Z,2026-03-05T13:50:00.000Z,2026-03-05T13:55:00.000Z,2026-03-05T14:00:00.000Z,2026-03-05T14:05:00.000Z,2026-03-05T14:10:00.000Z,2026-03-05T14:15:00.000Z,2026-03-05T14:20:00.000Z,2026-03-05T14:25:00.000Z,2026-03-05T14:30:00.000Z,2026-03-05T14:35:00.000Z,2026-03-05T14:40:00.000Z,2026-03-05T14:45:00.000Z,2026-03-05T14:50:00.000Z,2026-03-05T14:55:00.000Z,2026-03-05T15:00:00.000Z,2026-03-05T15:05:00.000Z,2026-03-05T15:10:00.000Z,2026-03-05T15:15:00.000Z,2026-03-05T15:20:00.000Z,2026-03-05T15:25:00.000Z,2026-03-05T15:30:00.000Z,2026-03-05T15:35:00.000Z,2026-03-05T15:40:00.000Z,2026-03-05T15:45:00.000Z,2026-03-05T15:50:00.000Z,2026-03-05T15:55:00.000Z,2026-03-05T16:00:00.000Z,2026-03-05T16:05:00.000Z,2026-03-05T16:10:00.000Z,2026-03-05T16:15:00.000Z,2026-03-05T16:20:00.000Z,2026-03-05T16:25:00.000Z,2026-03-05T16:30:00.000Z,2026-03-05T16:35:00.000Z,2026-03-05T16:40:00.000Z,2026-03-05T16:45:00.000Z,2026-03-05T16:50:00.000Z,2026-03-05T16:55:00.000Z,2026-03-05T17:00:00.000Z,2026-03-05T17:05:00.000Z,2026-03-05T17:10:00.000Z,2026-03-05T17:15:00.000Z,2026-03-05T17:20:00.000Z,2026-03-05T17:25:00.000Z,2026-03-05T17:30:00.000Z,2026-03-05T17:35:00.000Z,2026-03-05T17:40:00.000Z,2026-03-05T17:45:00.000Z,2026-03-05T17:50:00.000Z,2026-03-05T17:55:00.000Z,2026-03-05T18:00:00.000Z,2026-03-05T18:05:00.000Z,2026-03-05T18:10:00.000Z,2026-03-05T18:15:00.000Z,2026-03-05T18:20:00.000Z,2026-03-05T18:25:00.000Z,2026-03-05T18:30:00.000Z,2026-03-05T18:35:00.000Z,2026-03-05T18:40:00.000Z,2026-03-05T18:45:00.000Z,2026-03-05T18:50:00.000Z,2026-03-05T18:55:00.000Z,2026-03-05T19:00:00.000Z,2026-03-05T19:05:00.000Z,2026-03-05T19:10:00.000Z,2026-03-05T19:15:00.000Z,2026-03-05T19:20:00.000Z,2026-03-05T19:25:00.000Z,2026-03-05T19:30:00.000Z,2026-03-05T19:35:00.000Z,2026-03-05T19:40:00.000Z,2026-03-05T19:45:00.000Z,2026-03-05T19:50:00.000Z,2026-03-05T19:55:00.000Z,2026-03-05T20:00:00.000Z,2026-03-05T20:05:00.000Z,2026-03-05T20:10:00.000Z,2026-03-05T20:15:00.000Z,2026-03-05T20:20:00.000Z,2026-03-05T20:25:00.000Z,2026-03-05T20:30:00.000Z,2026-03-05T20:35:00.000Z,2026-03-05T20:40:00.000Z,2026-03-05T20:45:00.000Z,2026-03-05T20:50:00.000Z,2026-03-05T20:55:00.000Z,2026-03-05T21:00:00.000Z,2026-03-05T21:05:00.000Z,2026-03-05T21:10:00.000Z,2026-03-05T21:15:00.000Z,2026-03-05T21:20:00.000Z,2026-03-05T21:25:00.000Z,2026-03-05T21:30:00.000Z,2026-03-05T21:35:00.000Z,2026-03-05T21:40:00.000Z,2026-03-05T21:45:00.000Z,2026-03-05T21:50:00.000Z,2026-03-05T21:55:00.000Z,2026-03-05T22:00:00.000Z,2026-03-05T22:05:00.000Z,2026-03-05T22:10:00.000Z,2026-03-05T22:15:00.000Z,2026-03-05T22:20:00.000Z,2026-03-05T22:25:00.000Z,2026-03-05T22:30:00.000Z,2026-03-05T22:35:00.000Z,2026-03-05T22:40:00.000Z,2026-03-05T22:45:00.000Z,2026-03-05T22:50:00.000Z,2026-03-05T22:55:00.000Z,2026-03-05T23:00:00.000Z,2026-03-05T23:05:00.000Z,2026-03-05T23:10:00.000Z,2026-03-05T23:15:00.000Z,2026-03-05T23:20:00.000Z,2026-03-05T23:25:00.000Z,2026-03-05T23:30:00.000Z,2026-03-05T23:35:00.000Z,2026-03-05T23:40:00.000Z,2026-03-05T23:45:00.000Z,2026-03-05T23:50:00.000Z,2026-03-05T23:55:00.000Z,2026-03-06T00:00:00.000Z,2026-03-06T00:05:00.000Z,2026-03-06T00:10:00.000Z,2026-03-06T00:15:00.000Z,2026-03-06T00:20:00.000Z,2026-03-06T00:25:00.000Z,2026-03-06T00:30:00.000Z,2026-03-06T00:35:00.000Z,2026-03-06T00:40:00.000Z,2026-03-06T00:45:00.000Z,2026-03-06T00:50:00.000Z,2026-03-06T00:55:00.000Z,2026-03-06T01:00:00.000Z,2026-03-06T01:05:00.000Z,2026-03-06T01:10:00.000Z,2026-03-06T01:15:00.000Z,2026-03-06T01:20:00.000Z,2026-03-06T01:25:00.000Z,2026-03-06T01:30:00.000Z,2026-03-06T01:35:00.000Z,2026-03-06T01:40:00.000Z,2026-03-06T01:45:00.000Z,2026-03-06T01:50:00.000Z,2026-03-06T01:55:00.000Z,2026-03-06T02:00:00.000Z,2026-03-06T02:05:00.000Z,2026-03-06T02:10:00.000Z,2026-03-06T02:15:00.000Z,2026-03-06T02:20:00.000Z,2026-03-06T02:25:00.000Z,2026-03-06T02:30:00.000Z,2026-03-06T02:35:00.000Z,2026-03-06T02:40:00.000Z,2026-03-06T02:45:00.000Z,2026-03-06T02:50:00.000Z,2026-03-06T02:55:00.000Z,2026-03-06T03:00:00.000Z,2026-03-06T03:05:00.000Z,2026-03-06T03:10:00.000Z,2026-03-06T03:15:00.000Z,2026-03-06T03:20:00.000Z,2026-03-06T03:25:00.000Z,2026-03-06T03:30:00.000Z,2026-03-06T03:35:00.000Z,2026-03-06T03:40:00.000Z,2026-03-06T03:45:00.000Z,2026-03-06T03:50:00.000Z,2026-03-06T03:55:00.000Z,2026-03-06T04:00:00.000Z,2026-03-06T04:05:00.000Z,2026-03-06T04:10:00.000Z,2026-03-06T04:15:00.000Z,2026-03-06T04:20:00.000Z,2026-03-06T04:25:00.000Z,2026-03-06T04:30:00.000Z,2026-03-06T04:35:00.000Z,2026-03-06T04:40:00.000Z,2026-03-06T04:45:00.000Z,2026-03-06T04:50:00.000Z,2026-03-06T04:55:00.000Z,2026-03-06T05:00:00.000Z,2026-03-06T05:05:00.000Z,2026-03-06T05:10:00.000Z,2026-03-06T05:15:00.000Z,2026-03-06T05:20:00.000Z,2026-03-06T05:25:00.000Z,2026-03-06T05:30:00.000Z,2026-03-06T05:35:00.000Z,2026-03-06T05:40:00.000Z,2026-03-06T05:45:00.000Z,2026-03-06T05:50:00.000Z,2026-03-06T05:55:00.000Z,2026-03-06T06:00:00.000Z,2026-03-06T06:05:00.000Z,2026-03-06T06:10:00.000Z,2026-03-06T06:15:00.000Z,2026-03-06T06:20:00.000Z,2026-03-06T06:25:00.000Z,2026-03-06T06:30:00.000Z,2026-03-06T06:35:00.000Z,2026-03-06T06:40:00.000Z,2026-03-06T06:45:00.000Z,2026-03-06T06:50:00.000Z,2026-03-06T06:55:00.000Z,2026-03-06T07:00:00.000Z,2026-03-06T07:05:00.000Z,2026-03-06T07:10:00.000Z,2026-03-06T07:15:00.000Z,2026-03-06T07:20:00.000Z,2026-03-06T07:25:00.000Z,2026-03-06T07:30:00.000Z,2026-03-06T07:35:00.000Z,2026-03-06T07:40:00.000Z,2026-03-06T07:45:00.000Z,2026-03-06T07:50:00.000Z,2026-03-06T07:55:00.000Z,2026-03-06T08:00:00.000Z,2026-03-06T08:05:00.000Z,2026-03-06T08:10:00.000Z,2026-03-06T08:15:00.000Z,2026-03-06T08:20:00.000Z,2026-03-06T08:25:00.000Z,2026-03-06T08:30:00.000Z,2026-03-06T08:35:00.000Z,2026-03-06T08:40:00.000Z,2026-03-06T08:45:00.000Z,2026-03-06T08:50:00.000Z,2026-03-06T08:55:00.000Z,2026-03-06T09:00:00.000Z,2026-03-06T09:05:00.000Z,2026-03-06T09:10:00.000Z,2026-03-06T09:15:00.000Z,2026-03-06T09:20:00.000Z,2026-03-06T09:25:00.000Z,2026-03-06T09:30:00.000Z,2026-03-06T09:35:00.000Z,2026-03-06T09:40:00.000Z,2026-03-06T09:45:00.000Z,2026-03-06T09:50:00.000Z,2026-03-06T09:55:00.000Z,2026-03-06T10:00:00.000Z,2026-03-06T10:05:00.000Z,2026-03-06T10:10:00.000Z,2026-03-06T10:15:00.000Z,2026-03-06T10:20:00.000Z,2026-03-06T10:25:00.000Z,2026-03-06T10:30:00.000Z,2026-03-06T10:35:00.000Z,2026-03-06T10:40:00.000Z,2026-03-06T10:45:00.000Z,2026-03-06T10:50:00.000Z,2026-03-06T10:55:00.000Z,2026-03-06T11:00:00.000Z,2026-03-06T11:05:00.000Z,2026-03-06T11:10:00.000Z,2026-03-06T11:15:00.000Z,2026-03-06T11:20:00.000Z,2026-03-06T11:25:00.000Z,2026-03-06T11:30:00.000Z,2026-03-06T11:35:00.000Z,2026-03-06T11:40:00.000Z,2026-03-06T11:45:00.000Z,2026-03-06T11:50:00.000Z,2026-03-06T11:55:00.000Z,2026-03-06T12:00:00.000Z,2026-03-06T12:05:00.000Z,2026-03-06T12:10:00.000Z,2026-03-06T12:15:00.000Z,2026-03-06T12:20:00.000Z,2026-03-06T12:25:00.000Z,2026-03-06T12:30:00.000Z,2026-03-06T12:35:00.000Z,2026-03-06T12:40:00.000Z,2026-03-06T12:45:00.000Z,2026-03-06T12:50:00.000Z,2026-03-06T12:55:00.000Z,2026-03-06T13:00:00.000Z,2026-03-06T13:05:00.000Z,2026-03-06T13:10:00.000Z,2026-03-06T13:15:00.000Z,2026-03-06T13:20:00.000Z,2026-03-06T13:25:00.000Z,2026-03-06T13:30:00.000Z,2026-03-06T13:35:00.000Z,2026-03-06T13:40:00.000Z,2026-03-06T13:45:00.000Z,2026-03-06T13:50:00.000Z,2026-03-06T13:55:00.000Z,2026-03-06T14:00:00.000Z,2026-03-06T14:05:00.000Z,2026-03-06T14:10:00.000Z,2026-03-06T14:15:00.000Z,2026-03-06T14:20:00.000Z,2026-03-06T14:25:00.000Z,2026-03-06T14:30:00.000Z,2026-03-06T14:35:00.000Z,2026-03-06T14:40:00.000Z,2026-03-06T14:45:00.000Z,2026-03-06T14:50:00.000Z,2026-03-06T14:55:00.000Z,2026-03-06T15:00:00.000Z,2026-03-06T15:05:00.000Z,2026-03-06T15:10:00.000Z,2026-03-06T15:15:00.000Z,2026-03-06T15:20:00.000Z,2026-03-06T15:25:00.000Z,2026-03-06T15:30:00.000Z,2026-03-06T15:35:00.000Z,2026-03-06T15:40:00.000Z,2026-03-06T15:45:00.000Z,2026-03-06T15:50:00.000Z,2026-03-06T15:55:00.000Z,2026-03-06T16:00:00.000Z,2026-03-06T16:05:00.000Z,2026-03-06T16:10:00.000Z,2026-03-06T16:15:00.000Z,2026-03-06T16:20:00.000Z,2026-03-06T16:25:00.000Z,2026-03-06T16:30:00.000Z,2026-03-06T16:35:00.000Z,2026-03-06T16:40:00.000Z,2026-03-06T16:45:00.000Z,2026-03-06T16:50:00.000Z,2026-03-06T16:55:00.000Z,2026-03-06T17:00:00.000Z,2026-03-06T17:05:00.000Z,2026-03-06T17:10:00.000Z,2026-03-06T17:15:00.000Z,2026-03-06T17:20:00.000Z,2026-03-06T17:25:00.000Z,2026-03-06T17:30:00.000Z,2026-03-06T17:35:00.000Z,2026-03-06T17:40:00.000Z,2026-03-06T17:45:00.000Z,2026-03-06T17:50:00.000Z,2026-03-06T17:55:00.000Z,2026-03-06T18:00:00.000Z,2026-03-06T18:05:00.000Z,2026-03-06T18:10:00.000Z,2026-03-06T18:15:00.000Z,2026-03-06T18:20:00.000Z,2026-03-06T18:25:00.000Z,2026-03-06T18:30:00.000Z,2026-03-06T18:35:00.000Z,2026-03-06T18:40:00.000Z,2026-03-06T18:45:00.000Z,2026-03-06T18:50:00.000Z,2026-03-06T18:55:00.000Z,2026-03-06T19:00:00.000Z,2026-03-06T19:05:00.000Z,2026-03-06T19:10:00.000Z,2026-03-06T19:15:00.000Z,2026-03-06T19:20:00.000Z,2026-03-06T19:25:00.000Z,2026-03-06T19:30:00.000Z,2026-03-06T19:35:00.000Z,2026-03-06T19:40:00.000Z,2026-03-06T19:45:00.000Z,2026-03-06T19:50:00.000Z,2026-03-06T19:55:00.000Z,2026-03-06T20:00:00.000Z,2026-03-06T20:05:00.000Z,2026-03-06T20:10:00.000Z,2026-03-06T20:15:00.000Z,2026-03-06T20:20:00.000Z,2026-03-06T20:25:00.000Z,2026-03-06T20:30:00.000Z,2026-03-06T20:35:00.000Z,2026-03-06T20:40:00.000Z,2026-03-06T20:45:00.000Z,2026-03-06T20:50:00.000Z,2026-03-06T20:55:00.000Z,2026-03-06T21:00:00.000Z,2026-03-06T21:05:00.000Z,2026-03-06T21:10:00.000Z,2026-03-06T21:15:00.000Z,2026-03-06T21:20:00.000Z,2026-03-06T21:25:00.000Z,2026-03-06T21:30:00.000Z,2026-03-06T21:35:00.000Z,2026-03-06T21:40:00.000Z,2026-03-06T21:45:00.000Z,2026-03-06T21:50:00.000Z,2026-03-06T21:55:00.000Z,2026-03-06T22:00:00.000Z,2026-03-06T22:05:00.000Z,2026-03-06T22:10:00.000Z,2026-03-06T22:15:00.000Z,2026-03-06T22:20:00.000Z,2026-03-06T22:25:00.000Z,2026-03-06T22:30:00.000Z,2026-03-06T22:35:00.000Z,2026-03-06T22:40:00.000Z,2026-03-06T22:45:00.000Z,2026-03-06T22:50:00.000Z,2026-03-06T22:55:00.000Z,2026-03-06T23:00:00.000Z,2026-03-06T23:05:00.000Z,2026-03-06T23:10:00.000Z,2026-03-06T23:15:00.000Z,2026-03-06T23:20:00.000Z,2026-03-06T23:25:00.000Z,2026-03-06T23:30:00.000Z,2026-03-06T23:35:00.000Z,2026-03-06T23:40:00.000Z,2026-03-06T23:45:00.000Z,2026-03-06T23:50:00.000Z,2026-03-06T23:55:00.000Z,2026-03-07T00:00:00.000Z,2026-03-07T00:05:00.000Z,2026-03-07T00:10:00.000Z,2026-03-07T00:15:00.000Z,2026-03-07T00:20:00.000Z,2026-03-07T00:25:00.000Z,2026-03-07T00:30:00.000Z,2026-03-07T00:35:00.000Z,2026-03-07T00:40:00.000Z,2026-03-07T00:45:00.000Z,2026-03-07T00:50:00.000Z,2026-03-07T00:55:00.000Z,2026-03-07T01:00:00.000Z,2026-03-07T01:05:00.000Z,2026-03-07T01:10:00.000Z,2026-03-07T01:15:00.000Z,2026-03-07T01:20:00.000Z,2026-03-07T01:25:00.000Z,2026-03-07T01:30:00.000Z,2026-03-07T01:35:00.000Z,2026-03-07T01:40:00.000Z,2026-03-07T01:45:00.000Z,2026-03-07T01:50:00.000Z,2026-03-07T01:55:00.000Z,2026-03-07T02:00:00.000Z,2026-03-07T02:05:00.000Z,2026-03-07T02:10:00.000Z,2026-03-07T02:15:00.000Z,2026-03-07T02:20:00.000Z,2026-03-07T02:25:00.000Z,2026-03-07T02:30:00.000Z,2026-03-07T02:35:00.000Z,2026-03-07T02:40:00.000Z,2026-03-07T02:45:00.000Z,2026-03-07T02:50:00.000Z,2026-03-07T02:55:00.000Z,2026-03-07T03:00:00.000Z,2026-03-07T03:05:00.000Z,2026-03-07T03:10:00.000Z,2026-03-07T03:15:00.000Z,2026-03-07T03:20:00.000Z,2026-03-07T03:25:00.000Z,2026-03-07T03:30:00.000Z,2026-03-07T03:35:00.000Z,2026-03-07T03:40:00.000Z,2026-03-07T03:45:00.000Z,2026-03-07T03:50:00.000Z,2026-03-07T03:55:00.000Z,2026-03-07T04:00:00.000Z,2026-03-07T04:05:00.000Z,2026-03-07T04:10:00.000Z,2026-03-07T04:15:00.000Z,2026-03-07T04:20:00.000Z,2026-03-07T04:25:00.000Z,2026-03-07T04:30:00.000Z,2026-03-07T04:35:00.000Z,2026-03-07T04:40:00.000Z,2026-03-07T04:45:00.000Z,2026-03-07T04:50:00.000Z,2026-03-07T04:55:00.000Z,2026-03-07T05:00:00.000Z,2026-03-07T05:05:00.000Z,2026-03-07T05:10:00.000Z,2026-03-07T05:15:00.000Z,2026-03-07T05:20:00.000Z,2026-03-07T05:25:00.000Z,2026-03-07T05:30:00.000Z,2026-03-07T05:35:00.000Z,2026-03-07T05:40:00.000Z,2026-03-07T05:45:00.000Z,2026-03-07T05:50:00.000Z,2026-03-07T05:55:00.000Z,2026-03-07T06:00:00.000Z,2026-03-07T06:05:00.000Z,2026-03-07T06:10:00.000Z,2026-03-07T06:15:00.000Z,2026-03-07T06:20:00.000Z,2026-03-07T06:25:00.000Z,2026-03-07T06:30:00.000Z,2026-03-07T06:35:00.000Z,2026-03-07T06:40:00.000Z,2026-03-07T06:45:00.000Z,2026-03-07T06:50:00.000Z,2026-03-07T06:55:00.000Z,2026-03-07T07:00:00.000Z,2026-03-07T07:05:00.000Z,2026-03-07T07:10:00.000Z,2026-03-07T07:15:00.000Z,2026-03-07T07:20:00.000Z,2026-03-07T07:25:00.000Z,2026-03-07T07:30:00.000Z,2026-03-07T07:35:00.000Z,2026-03-07T07:40:00.000Z,2026-03-07T07:45:00.000Z,2026-03-07T07:50:00.000Z,2026-03-07T07:55:00.000Z,2026-03-07T08:00:00.000Z,2026-03-07T08:05:00.000Z,2026-03-07T08:10:00.000Z,2026-03-07T08:15:00.000Z,2026-03-07T08:20:00.000Z,2026-03-07T08:25:00.000Z,2026-03-07T08:30:00.000Z,2026-03-07T08:35:00.000Z,2026-03-07T08:40:00.000Z,2026-03-07T08:45:00.000Z,2026-03-07T08:50:00.000Z,2026-03-07T08:55:00.000Z,2026-03-07T09:00:00.000Z,2026-03-07T09:05:00.000Z,2026-03-07T09:10:00.000Z,2026-03-07T09:15:00.000Z,2026-03-07T09:20:00.000Z,2026-03-07T09:25:00.000Z,2026-03-07T09:30:00.000Z,2026-03-07T09:35:00.000Z,2026-03-07T09:40:00.000Z,2026-03-07T09:45:00.000Z,2026-03-07T09:50:00.000Z,2026-03-07T09:55:00.000Z,2026-03-07T10:00:00.000Z,2026-03-07T10:05:00.000Z,2026-03-07T10:10:00.000Z,2026-03-07T10:15:00.000Z,2026-03-07T10:20:00.000Z,2026-03-07T10:25:00.000Z,2026-03-07T10:30:00.000Z,2026-03-07T10:35:00.000Z,2026-03-07T10:40:00.000Z,2026-03-07T10:45:00.000Z,2026-03-07T10:50:00.000Z,2026-03-07T10:55:00.000Z,2026-03-07T11:00:00.000Z,2026-03-07T11:05:00.000Z,2026-03-07T11:10:00.000Z,2026-03-07T11:15:00.000Z,2026-03-07T11:20:00.000Z,2026-03-07T11:25:00.000Z,2026-03-07T11:30:00.000Z,2026-03-07T11:35:00.000Z,2026-03-07T11:40:00.000Z,2026-03-07T11:45:00.000Z,2026-03-07T11:50:00.000Z,2026-03-07T11:55:00.000Z,2026-03-07T12:00:00.000Z,2026-03-07T12:05:00.000Z,2026-03-07T12:10:00.000Z,2026-03-07T12:15:00.000Z,2026-03-07T12:20:00.000Z,2026-03-07T12:25:00.000Z,2026-03-07T12:30:00.000Z,2026-03-07T12:35:00.000Z,2026-03-07T12:40:00.000Z,2026-03-07T12:45:00.000Z,2026-03-07T12:50:00.000Z,2026-03-07T12:55:00.000Z,2026-03-07T13:00:00.000Z,2026-03-07T13:05:00.000Z,2026-03-07T13:10:00.000Z,2026-03-07T13:15:00.000Z,2026-03-07T13:20:00.000Z,2026-03-07T13:25:00.000Z,2026-03-07T13:30:00.000Z,2026-03-07T13:35:00.000Z,2026-03-07T13:40:00.000Z,2026-03-07T13:45:00.000Z,2026-03-07T13:50:00.000Z,2026-03-07T13:55:00.000Z,2026-03-07T14:00:00.000Z,2026-03-07T14:05:00.000Z,2026-03-07T14:10:00.000Z,2026-03-07T14:15:00.000Z,2026-03-07T14:20:00.000Z,2026-03-07T14:25:00.000Z,2026-03-07T14:30:00.000Z,2026-03-07T14:35:00.000Z,2026-03-07T14:40:00.000Z,2026-03-07T14:45:00.000Z,2026-03-07T14:50:00.000Z,2026-03-07T14:55:00.000Z,2026-03-07T15:00:00.000Z,2026-03-07T15:05:00.000Z,2026-03-07T15:10:00.000Z,2026-03-07T15:15:00.000Z,2026-03-07T15:20:00.000Z,2026-03-07T15:25:00.000Z,2026-03-07T15:30:00.000Z,2026-03-07T15:35:00.000Z,2026-03-07T15:40:00.000Z,2026-03-07T15:45:00.000Z,2026-03-07T15:50:00.000Z,2026-03-07T15:55:00.000Z,2026-03-07T16:00:00.000Z,2026-03-07T16:05:00.000Z,2026-03-07T16:10:00.000Z,2026-03-07T16:15:00.000Z,2026-03-07T16:20:00.000Z,2026-03-07T16:25:00.000Z,2026-03-07T16:30:00.000Z,2026-03-07T16:35:00.000Z,2026-03-07T16:40:00.000Z,2026-03-07T16:45:00.000Z,2026-03-07T16:50:00.000Z,2026-03-07T16:55:00.000Z,2026-03-07T17:00:00.000Z,2026-03-07T17:05:00.000Z,2026-03-07T17:10:00.000Z,2026-03-07T17:15:00.000Z,2026-03-07T17:20:00.000Z,2026-03-07T17:25:00.000Z,2026-03-07T17:30:00.000Z,2026-03-07T17:35:00.000Z,2026-03-07T17:40:00.000Z,2026-03-07T17:45:00.000Z,2026-03-07T17:50:00.000Z,2026-03-07T17:55:00.000Z,2026-03-07T18:00:00.000Z,2026-03-07T18:05:00.000Z,2026-03-07T18:10:00.000Z,2026-03-07T18:15:00.000Z,2026-03-07T18:20:00.000Z,2026-03-07T18:25:00.000Z,2026-03-07T18:30:00.000Z,2026-03-07T18:35:00.000Z,2026-03-07T18:40:00.000Z,2026-03-07T18:45:00.000Z,2026-03-07T18:50:00.000Z,2026-03-07T18:55:00.000Z,2026-03-07T19:00:00.000Z,2026-03-07T19:05:00.000Z,2026-03-07T19:10:00.000Z,2026-03-07T19:15:00.000Z,2026-03-07T19:20:00.000Z,2026-03-07T19:25:00.000Z,2026-03-07T19:30:00.000Z,2026-03-07T19:35:00.000Z,2026-03-07T19:40:00.000Z,2026-03-07T19:45:00.000Z,2026-03-07T19:50:00.000Z,2026-03-07T19:55:00.000Z,2026-03-07T20:00:00.000Z,2026-03-07T20:05:00.000Z,2026-03-07T20:10:00.000Z,2026-03-07T20:15:00.000Z,2026-03-07T20:20:00.000Z,2026-03-07T20:25:00.000Z,2026-03-07T20:30:00.000Z,2026-03-07T20:35:00.000Z,2026-03-07T20:40:00.000Z,2026-03-07T20:45:00.000Z,2026-03-07T20:50:00.000Z,2026-03-07T20:55:00.000Z,2026-03-07T21:00:00.000Z,2026-03-07T21:05:00.000Z,2026-03-07T21:10:00.000Z,2026-03-07T21:15:00.000Z
sensor.energy_consumption_total,grid_consumption,kWh,11.522000000000844,,,,,,,,,,,,7.600000000000364,,,,,,,,,,,,0.3209999999980937,,,,,,,,,,,,0.3429999999980282,,,,,,,,,,,,0.3469999999988431,,,,,,,,,,,,0.40099999999893043,,,,,,,,,,,,0.5829999999996289,,,,,,,,,,,,0.19400000000041473,,,,,,,,,,,,0,,,,,,,,,,,,0,,,,,,,,,,,,0,,,,,,,,,,,,0,,,,,,,,,,,,0,,,,,,,,,,,,0,,,,,,,,,,,,0,,,,,,,,,,,,0.8400000000001455,,,,,,,,,,,,0.22299999999995634,,,,,,,,,,,,0.15999999999985448,,,,,,,,,,,,0.39800000000013824,,,,,,,,,,,,0.5209999999997308,,,,,,,,,,,,1.219000000000051,,,,,,,,,,,,0.9880000000002838,,,,,,,,,,,,0.9789999999993597,,,,,,,,,,,,0.37700000000040745,,,,,,,,,,,,0.2680000000000291,,,,,,,,,,,,0.3279999999995198,,,,,,,,,,,,0.3400000000001455,,,,,,,,,,,,0.33700000000044383,,,,,,,,,,,,0.32299999999941065,,,,,,,,,,,,0.4750000000003638,,,,,,,,,,,,0.556999999999789,,,,,,,,,,,,0.4220000000004802,,,,,,,,,,,,0.11799999999948341,,,,,,,,,,,,0.32600000000002183,,,,,,,,,,,,0.03499999999985448,,,,,,,,,,,,0.032000000000152795,,,,,,,,,,,,0.020000000000436557,,,,,,,,,,,,0,,,,,,,,,,,,0.09699999999975262,,,,,,,,,,,,0.0010000000002037268,,,,,,,,,,,,0,,,,,,,,,,,,0.09900000000016007,,,,,,,,,,,,0.7349999999996726,,,,,,,,,,,,0.4080000000003565,,,,,,,,,,,,0.4420000000000073,,,,,,,,,,,,0.3459999999995489,,,,,,,,,,,,0.3540000000002692,,,,,,,,,,,,0.32999999999992724,,,,,,,,,,,,0.28799999999955617,,,,,,,,,,,,0.285000000000764,,,,,,,,,,,,0.2779999999993379,,,,,,,,,,,,0.2680000000000291,,,,,,,,,,,,0.3280000000004293,,,,,,,,,,,,0.3400000000001455,,,,,,,,,,,,0.3109999999996944,,,,,,,,,,,,0.20600000000013097,,,,,,,,,,,,0.05199999999967986,,,,,,,,,,,,0.5700000000006185,,,,,,,,,,,,0.7969999999995707,,,,,,,,,,,,0.011999999999716238,,,,,,,,,,,,0.11300000000028376,,,,,,,,,,,,0.042999999999665306,,,,,,,,,,,,0.06600000000071304,,,,,,,,,,,,1.2199999999993452,,,,,,,,,,,,1.0030000000006112,,,,,,,,,,,,0.03600000000005821,,,,,,,,,,,,0.2999999999992724,,,,,,,,,,,,0.3670000000001892,,,,,,,,,,,,0.30500000000029104,,,,,,,,,,,,0.35599999999976717,,,,,,,,,,,,,,,
sensor.energy_consumption_total_cost,grid_consumption_cost,EUR,,,,,,,,,,,,,,,,,,,,,,,,,,,,,,,,,,,,,,,,,,,,,,,,,,,,,,,,,,,,,,,,,,,,,,,,,,,,,,,,,,,,,,,,,,,,,,,,,,,,,,,,,,,,,,,,,,,,,,,,,0,,,,,,,,,,,,0,,,,,,,,,,,,0,,,,,,,,,,,,0,,,,,,,,,,,,0,,,,,,,,,,,,0.191797200000033,,,,,,,,,,,,0.05091758999998999,,,,,,,,,,,,0.036532799999967,,,,,,,,,,,,0.090875340000031,,,,,,,,,,,,0.11895992999993898,,,,,,,,,,,,0.27833427000001604,,,,,,,,,,,,0.22559004000007,,,,,,,,,,,,0.22353506999985395,,,,,,,,,,,,0.08608041000010003,,,,,,,,,,,,0.06119244000001012,,,,,,,,,,,,0.07489223999989991,,,,,,,,,,,,0.07763220000003002,,,,,,,,,,,,0.07694721000011007,,,,,,,,,,,,0.07375058999986983,,,,,,,,,,,,0.10845675000009014,,,,,,,,,,,,0.12717980999995993,,,,,,,,,,,,0.09635526000011008,,,,,,,,,,,,0.02694293999988462,,,,,,,,,,,,0.07443558000000472,,,,,,,,,,,,0.007534889999873062,,,,,,,,,,,,0.006849899999942011,,,,,,,,,,,,0.00456660000010034,,,,,,,,,,,,0,,,,,,,,,,,,0.022148009999943596,,,,,,,,,,,,0.0002283300000462951,,,,,,,,,,,,0,,,,,,,,,,,,0.022604670000037075,,,,,,,,,,,,0.16782254999992618,,,,,,,,,,,,0.09315864000008078,,,,,,,,,,,,0.10092186000000147,,,,,,,,,,,,0.0790021799998959,,,,,,,,,,,,0.08082882000006464,,,,,,,,,,,,0.07534889999998784,,,,,,,,,,,,0.06575903999990196,,,,,,,,,,,,0.06507405000017785,,,,,,,,,,,,0.06347573999985157,,,,,,,,,,,,0.061192440000010784,,,,,,,,,,,,0.07489224000010175,,,,,,,,,,,,0.07763220000003246,,,,,,,,,,,,0.07101062999994046,,,,,,,,,,,,0.04703598000002973,,,,,,,,,,,,0.01095983999994532,,,,,,,,,,,,0.1301481000001412,,,,,,,,,,,,0.18197900999990146,,,,,,,,,,,,0.0027399599999347046,,,,,,,,,,,,0.025801290000065258,,,,,,,,,,,,0.009818189999924343,,,,,,,,,,,,0.015069780000162236,,,,,,,,,,,,0.2680594199999944,,,,,,,,,,,,0.2201101200001947,,,,,,,,,,,,0.008219880000013724,,,,,,,,,,,,0.06849899999983311,,,,,,,,,,,,0.08379711000004253,,,,,,,,,,,,0.06964065000006592,,,,,,,,,,,,0.08128547999994673,,,,,,,,,,,,,,,
sensor.energy_production_total,grid_return,kWh,0,,,,,,,,,,,,0,,,,,,,,,,,,0,,,,,,,,,,,,0,,,,,,,,,,,,0,,,,,,,,,,,,0,,,,,,,,,,,,0,,,,,,,,,,,,0.05199999999990723,,,,,,,,,,,,0.91599999999994,,,,,,,,,,,,3.270000000000209,,,,,,,,,,,,4.25,,,,,,,,,,,,4.208999999999833,,,,,,,,,,,,3.8320000000001073,,,,,,,,,,,,3.589999999999918,,,,,,,,,,,,3.1849999999999454,,,,,,,,,,,,2.336999999999989,,,,,,,,,,,,0.48099999999999454,,,,,,,,,,,,0.07900000000017826,,,,,,,,,,,,0,,,,,,,,,,,,0,,,,,,,,,,,,0,,,,,,,,,,,,0,,,,,,,,,,,,0,,,,,,,,,,,,0,,,,,,,,,,,,0,,,,,,,,,,,,0,,,,,,,,,,,,0,,,,,,,,,,,,0,,,,,,,,,,,,0,,,,,,,,,,,,0,,,,,,,,,,,,0,,,,,,,,,,,,0,,,,,,,,,,,,0.2980000000000018,,,,,,,,,,,,0.6899999999998272,,,,,,,,,,,,0.3220000000001164,,,,,,,,,,,,0.6269999999999527,,,,,,,,,,,,0.34400000000005093,,,,,,,,,,,,0.27899999999999636,,,,,,,,,,,,0.16799999999989268,,,,,,,,,,,,0.36800000000016553,,,,,,,,,,,,0.5729999999998654,,,,,,,,,,,,0.08100000000013097,,,,,,,,,,,,0,,,,,,,,,,,,0,,,,,,,,,,,,0,,,,,,,,,,,,0,,,,,,,,,,,,0,,,,,,,,,,,,0,,,,,,,,,,,,0,,,,,,,,,,,,0,,,,,,,,,,,,0,,,,,,,,,,,,0,,,,,,,,,,,,0,,,,,,,,,,,,0,,,,,,,,,,,,0,,,,,,,,,,,,0,,,,,,,,,,,,0.11799999999993815,,,,,,,,,,,,0.27700000000004366,,,,,,,,,,,,0.5149999999998727,,,,,,,,,,,,1.73700000000008,,,,,,,,,,,,2.644999999999982,,,,,,,,,,,,0.3990000000001146,,,,,,,,,,,,0.6709999999998217,,,,,,,,,,,,0.1790000000000873,,,,,,,,,,,,0.2239999999999327,,,,,,,,,,,,0.10100000000011278,,,,,,,,,,,,0,,,,,,,,,,,,0,,,,,,,,,,,,0,,,,,,,,,,,,0,,,,,,,,,,,,,,,
sensor.energy_production_total_compensation,grid_return_compensation,EUR,,,,,,,,,,,,,,,,,,,,,,,,,,,,,,,,,,,,,,,,,,,,,,,,,,,,,,,,,,,,,,,,,,,,,,,,,,,,,,,,,,,,,,,,,,,,,,,,,,,,,,,,,,,,,,,,,,,,,,,,,0.334046790000044,,,,,,,,,,,,0.9391212899999614,,,,,,,,,,,,0.8564658299999945,,,,,,,,,,,,0.8197046999999853,,,,,,,,,,,,0.7123895999999736,,,,,,,,,,,,0.5192224200000268,,,,,,,,,,,,0.10982672999999732,,,,,,,,,,,,0.018038070000040207,,,,,,,,,,,,0,,,,,,,,,,,,0,,,,,,,,,,,,0,,,,,,,,,,,,0,,,,,,,,,,,,0,,,,,,,,,,,,0,,,,,,,,,,,,0,,,,,,,,,,,,0,,,,,,,,,,,,0,,,,,,,,,,,,0,,,,,,,,,,,,0,,,,,,,,,,,,0,,,,,,,,,,,,0,,,,,,,,,,,,0,,,,,,,,,,,,0.06164909999999679,,,,,,,,,,,,0.1575476999999612,,,,,,,,,,,,0.0714672900000215,,,,,,,,,,,,0.13517135999997087,,,,,,,,,,,,0.07854552000001203,,,,,,,,,,,,0.06370407000000089,,,,,,,,,,,,0.03835943999997582,,,,,,,,,,,,0.08402544000003864,,,,,,,,,,,,0.12603815999997892,,,,,,,,,,,,0.01849473000002977,,,,,,,,,,,,0,,,,,,,,,,,,0,,,,,,,,,,,,0,,,,,,,,,,,,0,,,,,,,,,,,,0,,,,,,,,,,,,0,,,,,,,,,,,,0,,,,,,,,,,,,0,,,,,,,,,,,,0,,,,,,,,,,,,0,,,,,,,,,,,,0,,,,,,,,,,,,0,,,,,,,,,,,,0,,,,,,,,,,,,0,,,,,,,,,,,,0.026942939999985427,,,,,,,,,,,,0.06324741000000955,,,,,,,,,,,,0.11758994999997086,,,,,,,,,,,,0.39660921000001714,,,,,,,,,,,,0.6039328499999961,,,,,,,,,,,,0.09110367000003183,,,,,,,,,,,,0.15320942999995957,,,,,,,,,,,,0.040871070000015663,,,,,,,,,,,,0.05114591999998375,,,,,,,,,,,,0.023061330000025748,,,,,,,,,,,,0,,,,,,,,,,,,0,,,,,,,,,,,,0,,,,,,,,,,,,0,,,,,,,,,,,,,,,
sensor.solar_production_front,solar_production,kWh,0,,,,,,,,,,,,0,,,,,,,,,,,,0,,,,,,,,,,,,0,,,,,,,,,,,,0,,,,,,,,,,,,0,,,,,,,,,,,,0,,,,,,,,,,,,0.021999999999934516,,,,,,,,,,,,0.11000000000012733,,,,,,,,,,,,0.2179999999998472,,,,,,,,,,,,0.2699999999999818,,,,,,,,,,,,0.30700000000001637,,,,,,,,,,,,0.30500000000006366,,,,,,,,,,,,0.6630000000000109,,,,,,,,,,,,1.4349999999999454,,,,,,,,,,,,2.04099999999994,,,,,,,,,,,,2.1410000000000764,,,,,,,,,,,,1.2139999999999418,,,,,,,,,,,,0.057999999999992724,,,,,,,,,,,,0,,,,,,,,,,,,0,,,,,,,,,,,,0,,,,,,,,,,,,0,,,,,,,,,,,,0,,,,,,,,,,,,0,,,,,,,,,,,,0,,,,,,,,,,,,0,,,,,,,,,,,,0,,,,,,,,,,,,0,,,,,,,,,,,,0,,,,,,,,,,,,0,,,,,,,,,,,,0.024000000000114596,,,,,,,,,,,,0.1879999999998745,,,,,,,,,,,,0.3400000000001455,,,,,,,,,,,,0.45899999999983265,,,,,,,,,,,,0.650000000000091,,,,,,,,,,,,0.7239999999999327,,,,,,,,,,,,0.9270000000001346,,,,,,,,,,,,1.356999999999971,,,,,,,,,,,,1.5039999999999054,,,,,,,,,,,,1.1690000000000964,,,,,,,,,,,,0.29899999999997817,,,,,,,,,,,,0.007000000000061846,,,,,,,,,,,,0,,,,,,,,,,,,0,,,,,,,,,,,,0,,,,,,,,,,,,0,,,,,,,,,,,,0,,,,,,,,,,,,0,,,,,,,,,,,,0,,,,,,,,,,,,0,,,,,,,,,,,,0,,,,,,,,,,,,0,,,,,,,,,,,,0,,,,,,,,,,,,0,,,,,,,,,,,,0.032999999999901775,,,,,,,,,,,,0.16200000000003456,,,,,,,,,,,,0.3930000000000291,,,,,,,,,,,,0.6179999999999382,,,,,,,,,,,,0.7980000000000018,,,,,,,,,,,,0.8099999999999454,,,,,,,,,,,,1.2450000000001182,,,,,,,,,,,,1.3240000000000691,,,,,,,,,,,,1.26299999999992,,,,,,,,,,,,0.7599999999999909,,,,,,,,,,,,0.25299999999992906,,,,,,,,,,,,0.013000000000147338,,,,,,,,,,,,0,,,,,,,,,,,,0,,,,,,,,,,,,0,,,,,,,,,,,,,,,
sensor.solar_production_rear,solar_production,kWh,0,,,,,,,,,,,,0,,,,,,,,,,,,0,,,,,,,,,,,,0,,,,,,,,,,,,0,,,,,,,,,,,,0,,,,,,,,,,,,0,,,,,,,,,,,,0.06300000000010186,,,,,,,,,,,,0.6769999999999072,,,,,,,,,,,,2.7360000000001037,,,,,,,,,,,,3.354000000000042,,,,,,,,,,,,3.2739999999998872,,,,,,,,,,,,2.8630000000000564,,,,,,,,,,,,2.105000000000018,,,,,,,,,,,,1.0679999999999836,,,,,,,,,,,,0.3160000000000309,,,,,,,,,,,,0.17599999999993088,,,,,,,,,,,,0.09500000000002728,,,,,,,,,,,,0.008000000000038199,,,,,,,,,,,,0,,,,,,,,,,,,0,,,,,,,,,,,,0,,,,,,,,,,,,0,,,,,,,,,,,,0,,,,,,,,,,,,0,,,,,,,,,,,,0,,,,,,,,,,,,0,,,,,,,,,,,,0,,,,,,,,,,,,0,,,,,,,,,,,,0,,,,,,,,,,,,0,,,,,,,,,,,,0.06099999999992178,,,,,,,,,,,,0.5720000000001164,,,,,,,,,,,,1.7449999999998909,,,,,,,,,,,,2.336999999999989,,,,,,,,,,,,2.241999999999962,,,,,,,,,,,,2.2150000000001455,,,,,,,,,,,,1.7559999999998581,,,,,,,,,,,,1.0480000000000018,,,,,,,,,,,,0.5219999999999345,,,,,,,,,,,,0.2840000000001055,,,,,,,,,,,,0.10100000000011278,,,,,,,,,,,,0.0019999999999527063,,,,,,,,,,,,0,,,,,,,,,,,,0,,,,,,,,,,,,0,,,,,,,,,,,,0,,,,,,,,,,,,0,,,,,,,,,,,,0,,,,,,,,,,,,0,,,,,,,,,,,,0,,,,,,,,,,,,0,,,,,,,,,,,,0,,,,,,,,,,,,0,,,,,,,,,,,,0,,,,,,,,,,,,0.052999999999883585,,,,,,,,,,,,0.21500000000014552,,,,,,,,,,,,0.5429999999998927,,,,,,,,,,,,0.7270000000000891,,,,,,,,,,,,1.3429999999998472,,,,,,,,,,,,1.93100000000004,,,,,,,,,,,,1.6860000000001492,,,,,,,,,,,,0.9589999999998327,,,,,,,,,,,,0.625,,,,,,,,,,,,0.3569999999999709,,,,,,,,,,,,0.1330000000000382,,,,,,,,,,,,0.007000000000061846,,,,,,,,,,,,0,,,,,,,,,,,,0,,,,,,,,,,,,0,,,,,,,,,,,,,,,
sensor.solar_production_rear_extenstion,solar_production,kWh,0,,,,,,,,,,,,0,,,,,,,,,,,,0,,,,,,,,,,,,0,,,,,,,,,,,,0,,,,,,,,,,,,0,,,,,,,,,,,,0,,,,,,,,,,,,0.008000000000038199,,,,,,,,,,,,0.043000000000006366,,,,,,,,,,,,0.18700000000001182,,,,,,,,,,,,0.5910000000000082,,,,,,,,,,,,0.8740000000000236,,,,,,,,,,,,0.9929999999999382,,,,,,,,,,,,1.0149999999999864,,,,,,,,,,,,0.9390000000000782,,,,,,,,,,,,0.6589999999999918,,,,,,,,,,,,0.06499999999994088,,,,,,,,,,,,0.033999999999991815,,,,,,,,,,,,0.002000000000066393,,,,,,,,,,,,0,,,,,,,,,,,,0,,,,,,,,,,,,0,,,,,,,,,,,,0,,,,,,,,,,,,0,,,,,,,,,,,,0,,,,,,,,,,,,0,,,,,,,,,,,,0,,,,,,,,,,,,0,,,,,,,,,,,,0,,,,,,,,,,,,0,,,,,,,,,,,,0,,,,,,,,,,,,0.01599999999996271,,,,,,,,,,,,0.10599999999999454,,,,,,,,,,,,0.27700000000004366,,,,,,,,,,,,0.4979999999999336,,,,,,,,,,,,0.6620000000000346,,,,,,,,,,,,0.7849999999999682,,,,,,,,,,,,0.7459999999999809,,,,,,,,,,,,0.6850000000000591,,,,,,,,,,,,0.44700000000000273,,,,,,,,,,,,0.18099999999992633,,,,,,,,,,,,0.057999999999992724,,,,,,,,,,,,0.002000000000066393,,,,,,,,,,,,0,,,,,,,,,,,,0,,,,,,,,,,,,0,,,,,,,,,,,,0,,,,,,,,,,,,0,,,,,,,,,,,,0,,,,,,,,,,,,0,,,,,,,,,,,,0,,,,,,,,,,,,0,,,,,,,,,,,,0,,,,,,,,,,,,0,,,,,,,,,,,,0,,,,,,,,,,,,0.01599999999996271,,,,,,,,,,,,0.08600000000001273,,,,,,,,,,,,0.19200000000000728,,,,,,,,,,,,0.27300000000002456,,,,,,,,,,,,0.42399999999997817,,,,,,,,,,,,0.7200000000000273,,,,,,,,,,,,0.7819999999999254,,,,,,,,,,,,0.5400000000000773,,,,,,,,,,,,0.4270000000000209,,,,,,,,,,,,0.20099999999990814,,,,,,,,,,,,0.07400000000006912,,,,,,,,,,,,0.004000000000019099,,,,,,,,,,,,0,,,,,,,,,,,,0,,,,,,,,,,,,0,,,,,,,,,,,,,,,
sensor.solar_forecast,solar_production,kWh,0,,,,,,,,,,,,0,,,,,,,,,,,,0,,,,,,,,,,,,0,,,,,,,,,,,,0,,,,,,,,,,,,0,,,,,,,,,,,,0,,,,,,,,,,,,0,,,,,,,,,,,,0,,,,,,,,,,,,0,,,,,,,,,,,,0,,,,,,,,,,,,0,,,,,,,,,,,,0,,,,,,,,,,,,0,,,,,,,,,,,,0,,,,,,,,,,,,0,,,,,,,,,,,,0,,,,,,,,,,,,0,,,,,,,,,,,,0,,,,,,,,,,,,0,,,,,,,,,,,,0,,,,,,,,,,,,0,,,,,,,,,,,,0,,,,,,,,,,,,0,,,,,,,,,,,,0,,,,,,,,,,,,0,,,,,,,,,,,,0,,,,,,,,,,,,0,,,,,,,,,,,,0,,,,,,,,,,,,0,,,,,,,,,,,,0,,,,,,,,,,,,0,,,,,,,,,,,,0,,,,,,,,,,,,0,,,,,,,,,,,,0,,,,,,,,,,,,0,,,,,,,,,,,,0,,,,,,,,,,,,0,,,,,,,,,,,,0,,,,,,,,,,,,0,,,,,,,,,,,,0,,,,,,,,,,,,0,,,,,,,,,,,,0,,,,,,,,,,,,0,,,,,,,,,,,,0,,,,,,,,,,,,0,,,,,,,,,,,,0,,,,,,,,,,,,0,,,,,,,,,,,,0,,,,,,,,,,,,0,,,,,,,,,,,,0,,,,,,,,,,,,0,,,,,,,,,,,,0,,,,,,,,,,,,0,,,,,,,,,,,,0,,,,,,,,,,,,0,,,,,,,,,,,,0,,,,,,,,,,,,0,,,,,,,,,,,,0,,,,,,,,,,,,0,,,,,,,,,,,,0,,,,,,,,,,,,0,,,,,,,,,,,,0,,,,,,,,,,,,0,,,,,,,,,,,,0,,,,,,,,,,,,0,,,,,,,,,,,,0,,,,,,,,,,,,0,,,,,,,,,,,,0,,,,,,,,,,,,0,,,,,,,,,,,,,,,
sensor.gas_meter_gas_consumption,gas_consumption,m3,0,,,,,,,,,,,,0,,,,,,,,,,,,0,,,,,,,,,,,,0,,,,,,,,,,,,0,,,,,,,,,,,,0.06900000000041473,,,,,,,,,,,,0.45199999999931606,,,,,,,,,,,,0.1110000000007858,,,,,,,,,,,,0.3039999999991778,,,,,,,,,,,,0,,,,,,,,,,,,0,,,,,,,,,,,,0,,,,,,,,,,,,0,,,,,,,,,,,,0,,,,,,,,,,,,0.05200000000058935,,,,,,,,,,,,0,,,,,,,,,,,,0.7600000000002183,,,,,,,,,,,,0.6279999999997017,,,,,,,,,,,,0.001999999999497959,,,,,,,,,,,,0.032000000000152795,,,,,,,,,,,,0.1180000000003929,,,,,,,,,,,,0,,,,,,,,,,,,0,,,,,,,,,,,,0,,,,,,,,,,,,0,,,,,,,,,,,,0,,,,,,,,,,,,0,,,,,,,,,,,,0,,,,,,,,,,,,0,,,,,,,,,,,,0,,,,,,,,,,,,0.5839999999998327,,,,,,,,,,,,1.037000000000262,,,,,,,,,,,,0.019999999999527063,,,,,,,,,,,,0,,,,,,,,,,,,0,,,,,,,,,,,,0,,,,,,,,,,,,0,,,,,,,,,,,,0,,,,,,,,,,,,0.35900000000037835,,,,,,,,,,,,0.0500000000001819,,,,,,,,,,,,0,,,,,,,,,,,,0.01599999999962165,,,,,,,,,,,,0.05199999999967986,,,,,,,,,,,,0.1720000000004802,,,,,,,,,,,,0.015000000000327418,,,,,,,,,,,,0,,,,,,,,,,,,0.02999999999974534,,,,,,,,,,,,0,,,,,,,,,,,,0,,,,,,,,,,,,0,,,,,,,,,,,,0,,,,,,,,,,,,0,,,,,,,,,,,,0,,,,,,,,,,,,0,,,,,,,,,,,,0.5460000000002765,,,,,,,,,,,,0,,,,,,,,,,,,0.16499999999996362,,,,,,,,,,,,0.6340000000000146,,,,,,,,,,,,0,,,,,,,,,,,,0,,,,,,,,,,,,0,,,,,,,,,,,,0,,,,,,,,,,,,0,,,,,,,,,,,,0,,,,,,,,,,,,0,,,,,,,,,,,,0,,,,,,,,,,,,0.5069999999996071,,,,,,,,,,,,0.0860000000002401,,,,,,,,,,,,0,,,,,,,,,,,,0,,,,,,,,,,,,,,,
sensor.gas_meter_gas_consumption_cost,gas_consumption_cost,EUR,0,,,,,,,,,,,,0,,,,,,,,,,,,0,,,,,,,,,,,,0,,,,,,,,,,,,0,,,,,,,,,,,,0.07602696000049036,,,,,,,,,,,,0.4980316799991442,,,,,,,,,,,,0.12230424000085804,,,,,,,,,,,,0.33495935999906123,,,,,,,,,,,,0,,,,,,,,,,,,0,,,,,,,,,,,,0,,,,,,,,,,,,0,,,,,,,,,,,,0,,,,,,,,,,,,0.057295680000720495,,,,,,,,,,,,0,,,,,,,,,,,,0.8373984000003247,,,,,,,,,,,,0.6919555199996239,,,,,,,,,,,,0.002203679999411179,,,,,,,,,,,,0.035258880000128556,,,,,,,,,,,,0.13001712000050247,,,,,,,,,,,,0,,,,,,,,,,,,0,,,,,,,,,,,,0,,,,,,,,,,,,0,,,,,,,,,,,,0,,,,,,,,,,,,0,,,,,,,,,,,,0,,,,,,,,,,,,0,,,,,,,,,,,,0,,,,,,,,,,,,0.643474559999845,,,,,,,,,,,,1.1426080800002865,,,,,,,,,,,,0.02203679999945507,,,,,,,,,,,,0,,,,,,,,,,,,0,,,,,,,,,,,,0,,,,,,,,,,,,0,,,,,,,,,,,,0,,,,,,,,,,,,0.3955605600003764,,,,,,,,,,,,0.05509200000017245,,,,,,,,,,,,0,,,,,,,,,,,,0.01762943999960953,,,,,,,,,,,,0.05729567999969731,,,,,,,,,,,,0.18951648000040677,,,,,,,,,,,,0.01652760000035869,,,,,,,,,,,,0,,,,,,,,,,,,0.033055199999694196,,,,,,,,,,,,0,,,,,,,,,,,,0,,,,,,,,,,,,0,,,,,,,,,,,,0,,,,,,,,,,,,0,,,,,,,,,,,,0,,,,,,,,,,,,0,,,,,,,,,,,,0.6016046400001187,,,,,,,,,,,,0,,,,,,,,,,,,0.18180359999996654,,,,,,,,,,,,0.6985665600000175,,,,,,,,,,,,0,,,,,,,,,,,,0,,,,,,,,,,,,0,,,,,,,,,,,,0,,,,,,,,,,,,0,,,,,,,,,,,,0,,,,,,,,,,,,0,,,,,,,,,,,,0,,,,,,,,,,,,0.5586328799996636,,,,,,,,,,,,0.09475824000026023,,,,,,,,,,,,0,,,,,,,,,,,,0,,,,,,,,,,,,,,,
sensor.watermeter_total_water_usage,water_consumption,L,4,,,,,,,,,,,,7,,,,,,,,,,,,0,,,,,,,,,,,,0,,,,,,,,,,,,7,,,,,,,,,,,,69,,,,,,,,,,,,31,,,,,,,,,,,,0,,,,,,,,,,,,0,,,,,,,,,,,,21,,,,,,,,,,,,4,,,,,,,,,,,,4,,,,,,,,,,,,0,,,,,,,,,,,,7,,,,,,,,,,,,0,,,,,,,,,,,,0,,,,,,,,,,,,170,,,,,,,,,,,,99,,,,,,,,,,,,12,,,,,,,,,,,,11,,,,,,,,,,,,19,,,,,,,,,,,,29,,,,,,,,,,,,10,,,,,,,,,,,,0,,,,,,,,,,,,0,,,,,,,,,,,,0,,,,,,,,,,,,1,,,,,,,,,,,,10,,,,,,,,,,,,0,,,,,,,,,,,,9,,,,,,,,,,,,0,,,,,,,,,,,,262,,,,,,,,,,,,7,,,,,,,,,,,,74,,,,,,,,,,,,43,,,,,,,,,,,,0,,,,,,,,,,,,5,,,,,,,,,,,,0,,,,,,,,,,,,8,,,,,,,,,,,,0,,,,,,,,,,,,8,,,,,,,,,,,,2,,,,,,,,,,,,23,,,,,,,,,,,,19,,,,,,,,,,,,2,,,,,,,,,,,,0,,,,,,,,,,,,21,,,,,,,,,,,,13,,,,,,,,,,,,2,,,,,,,,,,,,0,,,,,,,,,,,,0,,,,,,,,,,,,0,,,,,,,,,,,,8,,,,,,,,,,,,0,,,,,,,,,,,,0,,,,,,,,,,,,2,,,,,,,,,,,,98,,,,,,,,,,,,54,,,,,,,,,,,,30,,,,,,,,,,,,45,,,,,,,,,,,,22,,,,,,,,,,,,15,,,,,,,,,,,,8,,,,,,,,,,,,0,,,,,,,,,,,,7,,,,,,,,,,,,3,,,,,,,,,,,,0,,,,,,,,,,,,7,,,,,,,,,,,,9,,,,,,,,,,,,0,,,,,,,,,,,,,,,
sensor.hw_watermeter_198378_total_water_usage_cost,water_consumption_cost,EUR,0.0049999999999954525,,,,,,,,,,,,0.008749999999992042,,,,,,,,,,,,0,,,,,,,,,,,,0,,,,,,,,,,,,0.008749999999992042,,,,,,,,,,,,0.08624999999999261,,,,,,,,,,,,0.03874999999999318,,,,,,,,,,,,0,,,,,,,,,,,,0,,,,,,,,,,,,0.026250000000004547,,,,,,,,,,,,0.0049999999999954525,,,,,,,,,,,,0.0049999999999954525,,,,,,,,,,,,0,,,,,,,,,,,,0.008750000000006253,,,,,,,,,,,,0,,,,,,,,,,,,0,,,,,,,,,,,,0.21249999999999147,,,,,,,,,,,,0.12374999999998693,,,,,,,,,,,,0.015000000000000568,,,,,,,,,,,,0.013749999999987494,,,,,,,,,,,,0.0237499999999784,,,,,,,,,,,,0.03624999999998124,,,,,,,,,,,,0.012499999999988631,,,,,,,,,,,,0,,,,,,,,,,,,0,,,,,,,,,,,,0,,,,,,,,,,,,0.0012499999999988631,,,,,,,,,,,,0.012499999999988631,,,,,,,,,,,,0,,,,,,,,,,,,0.011249999999989768,,,,,,,,,,,,0,,,,,,,,,,,,0.32749999999998636,,,,,,,,,,,,0.008749999999992042,,,,,,,,,,,,0.09249999999998693,,,,,,,,,,,,0.05249999999998067,,,,,,,,,,,,0,,,,,,,,,,,,0.006249999999994316,,,,,,,,,,,,0,,,,,,,,,,,,0.009999999999990905,,,,,,,,,,,,0,,,,,,,,,,,,0.010000000000005116,,,,,,,,,,,,0.0024999999999977263,,,,,,,,,,,,0.028750000000002274,,,,,,,,,,,,0.02374999999999261,,,,,,,,,,,,0.0024999999999977263,,,,,,,,,,,,0,,,,,,,,,,,,0.026249999999990337,,,,,,,,,,,,0.01624999999998522,,,,,,,,,,,,0.0024999999999977263,,,,,,,,,,,,0,,,,,,,,,,,,0,,,,,,,,,,,,0,,,,,,,,,,,,0.009999999999990905,,,,,,,,,,,,0,,,,,,,,,,,,0,,,,,,,,,,,,0.0024999999999977263,,,,,,,,,,,,0.12250000000000227,,,,,,,,,,,,0.06749999999998124,,,,,,,,,,,,0.037499999999980105,,,,,,,,,,,,0.056250000000005684,,,,,,,,,,,,0.0274999999999892,,,,,,,,,,,,0.018749999999997158,,,,,,,,,,,,0.010000000000005116,,,,,,,,,,,,0,,,,,,,,,,,,0.008749999999992042,,,,,,,,,,,,0.0037499999999965894,,,,,,,,,,,,0,,,,,,,,,,,,0.008750000000006253,,,,,,,,,,,,0.011249999999989768,,,,,,,,,,,,0,,,,,,,,,,,,,,,
sensor.backyard_lounge_heater_left_energy,device_consumption,kWh,0,,,,,,,,,,,,0,,,,,,,,,,,,0,,,,,,,,,,,,0,,,,,,,,,,,,0,,,,,,,,,,,,0,,,,,,,,,,,,0,,,,,,,,,,,,0,,,,,,,,,,,,0,,,,,,,,,,,,0,,,,,,,,,,,,0,,,,,,,,,,,,0,,,,,,,,,,,,0,,,,,,,,,,,,0,,,,,,,,,,,,0,,,,,,,,,,,,0,,,,,,,,,,,,0,,,,,,,,,,,,0,,,,,,,,,,,,0,,,,,,,,,,,,0,,,,,,,,,,,,0,,,,,,,,,,,,0,,,,,,,,,,,,0,,,,,,,,,,,,0,,,,,,,,,,,,0,,,,,,,,,,,,0,,,,,,,,,,,,0,,,,,,,,,,,,0,,,,,,,,,,,,0,,,,,,,,,,,,0,,,,,,,,,,,,0,,,,,,,,,,,,0,,,,,,,,,,,,0,,,,,,,,,,,,0,,,,,,,,,,,,0,,,,,,,,,,,,0,,,,,,,,,,,,0,,,,,,,,,,,,0,,,,,,,,,,,,0,,,,,,,,,,,,0,,,,,,,,,,,,0,,,,,,,,,,,,0,,,,,,,,,,,,0,,,,,,,,,,,,0,,,,,,,,,,,,0,,,,,,,,,,,,0,,,,,,,,,,,,0,,,,,,,,,,,,0,,,,,,,,,,,,0,,,,,,,,,,,,0,,,,,,,,,,,,0,,,,,,,,,,,,0,,,,,,,,,,,,0,,,,,,,,,,,,0,,,,,,,,,,,,0,,,,,,,,,,,,0,,,,,,,,,,,,0,,,,,,,,,,,,0,,,,,,,,,,,,0,,,,,,,,,,,,0,,,,,,,,,,,,0,,,,,,,,,,,,0,,,,,,,,,,,,0,,,,,,,,,,,,0,,,,,,,,,,,,0,,,,,,,,,,,,0,,,,,,,,,,,,0,,,,,,,,,,,,0,,,,,,,,,,,,0,,,,,,,,,,,,0,,,,,,,,,,,,,,,
sensor.backyard_lounge_heater_right_energy,device_consumption,kWh,0,,,,,,,,,,,,0,,,,,,,,,,,,0,,,,,,,,,,,,0,,,,,,,,,,,,0,,,,,,,,,,,,0,,,,,,,,,,,,0,,,,,,,,,,,,0,,,,,,,,,,,,0,,,,,,,,,,,,0,,,,,,,,,,,,0,,,,,,,,,,,,0,,,,,,,,,,,,0,,,,,,,,,,,,0,,,,,,,,,,,,0,,,,,,,,,,,,0,,,,,,,,,,,,0,,,,,,,,,,,,0,,,,,,,,,,,,0,,,,,,,,,,,,0,,,,,,,,,,,,0,,,,,,,,,,,,0,,,,,,,,,,,,0,,,,,,,,,,,,0,,,,,,,,,,,,0,,,,,,,,,,,,0,,,,,,,,,,,,0,,,,,,,,,,,,0,,,,,,,,,,,,0,,,,,,,,,,,,0,,,,,,,,,,,,0,,,,,,,,,,,,0,,,,,,,,,,,,0,,,,,,,,,,,,0,,,,,,,,,,,,0,,,,,,,,,,,,0,,,,,,,,,,,,0,,,,,,,,,,,,0,,,,,,,,,,,,0,,,,,,,,,,,,0,,,,,,,,,,,,0,,,,,,,,,,,,0,,,,,,,,,,,,0,,,,,,,,,,,,0,,,,,,,,,,,,0,,,,,,,,,,,,0,,,,,,,,,,,,0,,,,,,,,,,,,0,,,,,,,,,,,,0,,,,,,,,,,,,0,,,,,,,,,,,,0,,,,,,,,,,,,0,,,,,,,,,,,,0,,,,,,,,,,,,0,,,,,,,,,,,,0,,,,,,,,,,,,0,,,,,,,,,,,,0,,,,,,,,,,,,0,,,,,,,,,,,,0,,,,,,,,,,,,0,,,,,,,,,,,,0,,,,,,,,,,,,0,,,,,,,,,,,,0,,,,,,,,,,,,0,,,,,,,,,,,,0,,,,,,,,,,,,0,,,,,,,,,,,,0,,,,,,,,,,,,0,,,,,,,,,,,,0,,,,,,,,,,,,0,,,,,,,,,,,,,,,
sensor.outdoor_boiler_energy,device_consumption,kWh,0,,,,,,,,,,,,0,,,,,,,,,,,,0,,,,,,,,,,,,0,,,,,,,,,,,,0,,,,,,,,,,,,0,,,,,,,,,,,,0,,,,,,,,,,,,0,,,,,,,,,,,,0,,,,,,,,,,,,0,,,,,,,,,,,,0,,,,,,,,,,,,0,,,,,,,,,,,,0,,,,,,,,,,,,0,,,,,,,,,,,,0,,,,,,,,,,,,0,,,,,,,,,,,,0,,,,,,,,,,,,0,,,,,,,,,,,,0,,,,,,,,,,,,0,,,,,,,,,,,,0,,,,,,,,,,,,0,,,,,,,,,,,,0,,,,,,,,,,,,0,,,,,,,,,,,,0,,,,,,,,,,,,0,,,,,,,,,,,,0,,,,,,,,,,,,0,,,,,,,,,,,,0,,,,,,,,,,,,0,,,,,,,,,,,,0,,,,,,,,,,,,0,,,,,,,,,,,,0,,,,,,,,,,,,0,,,,,,,,,,,,0,,,,,,,,,,,,0,,,,,,,,,,,,0,,,,,,,,,,,,0,,,,,,,,,,,,0,,,,,,,,,,,,0,,,,,,,,,,,,0,,,,,,,,,,,,0,,,,,,,,,,,,0,,,,,,,,,,,,0,,,,,,,,,,,,0,,,,,,,,,,,,0,,,,,,,,,,,,0,,,,,,,,,,,,0,,,,,,,,,,,,0,,,,,,,,,,,,0,,,,,,,,,,,,0,,,,,,,,,,,,0,,,,,,,,,,,,0,,,,,,,,,,,,0,,,,,,,,,,,,0,,,,,,,,,,,,0,,,,,,,,,,,,0,,,,,,,,,,,,0,,,,,,,,,,,,0,,,,,,,,,,,,0,,,,,,,,,,,,0,,,,,,,,,,,,0,,,,,,,,,,,,0,,,,,,,,,,,,0,,,,,,,,,,,,0,,,,,,,,,,,,0,,,,,,,,,,,,0,,,,,,,,,,,,0,,,,,,,,,,,,0,,,,,,,,,,,,0,,,,,,,,,,,,,,,
sensor.living_room_spotlights_energy,device_consumption,kWh,0,,,,,,,,,,,,0,,,,,,,,,,,,0,,,,,,,,,,,,0,,,,,,,,,,,,0,,,,,,,,,,,,0,,,,,,,,,,,,0,,,,,,,,,,,,0,,,,,,,,,,,,0,,,,,,,,,,,,0,,,,,,,,,,,,0,,,,,,,,,,,,0,,,,,,,,,,,,0,,,,,,,,,,,,0,,,,,,,,,,,,0,,,,,,,,,,,,0,,,,,,,,,,,,0,,,,,,,,,,,,0,,,,,,,,,,,,0,,,,,,,,,,,,0,,,,,,,,,,,,0,,,,,,,,,,,,0,,,,,,,,,,,,0,,,,,,,,,,,,0,,,,,,,,,,,,0,,,,,,,,,,,,0,,,,,,,,,,,,0,,,,,,,,,,,,0,,,,,,,,,,,,0,,,,,,,,,,,,0,,,,,,,,,,,,0,,,,,,,,,,,,0,,,,,,,,,,,,0,,,,,,,,,,,,0,,,,,,,,,,,,0,,,,,,,,,,,,0,,,,,,,,,,,,0,,,,,,,,,,,,0,,,,,,,,,,,,0,,,,,,,,,,,,0,,,,,,,,,,,,0,,,,,,,,,,,,0,,,,,,,,,,,,0,,,,,,,,,,,,0,,,,,,,,,,,,0,,,,,,,,,,,,0,,,,,,,,,,,,0,,,,,,,,,,,,0,,,,,,,,,,,,0,,,,,,,,,,,,0,,,,,,,,,,,,0,,,,,,,,,,,,0,,,,,,,,,,,,0,,,,,,,,,,,,0,,,,,,,,,,,,0,,,,,,,,,,,,0,,,,,,,,,,,,0,,,,,,,,,,,,0,,,,,,,,,,,,0,,,,,,,,,,,,0,,,,,,,,,,,,0,,,,,,,,,,,,0,,,,,,,,,,,,0,,,,,,,,,,,,0,,,,,,,,,,,,0,,,,,,,,,,,,0,,,,,,,,,,,,0,,,,,,,,,,,,0,,,,,,,,,,,,0,,,,,,,,,,,,0,,,,,,,,,,,,,,,
sensor.kitchen_center_energy,device_consumption,kWh,0,,,,,,,,,,,,0,,,,,,,,,,,,0,,,,,,,,,,,,0,,,,,,,,,,,,0,,,,,,,,,,,,0,,,,,,,,,,,,0,,,,,,,,,,,,0,,,,,,,,,,,,0,,,,,,,,,,,,0,,,,,,,,,,,,0,,,,,,,,,,,,0,,,,,,,,,,,,0,,,,,,,,,,,,0,,,,,,,,,,,,0,,,,,,,,,,,,0,,,,,,,,,,,,0,,,,,,,,,,,,0,,,,,,,,,,,,0,,,,,,,,,,,,0,,,,,,,,,,,,0,,,,,,,,,,,,0,,,,,,,,,,,,0,,,,,,,,,,,,0,,,,,,,,,,,,0,,,,,,,,,,,,0,,,,,,,,,,,,0,,,,,,,,,,,,0,,,,,,,,,,,,0,,,,,,,,,,,,0,,,,,,,,,,,,0,,,,,,,,,,,,0,,,,,,,,,,,,0,,,,,,,,,,,,0,,,,,,,,,,,,0,,,,,,,,,,,,0,,,,,,,,,,,,0,,,,,,,,,,,,0,,,,,,,,,,,,0,,,,,,,,,,,,0,,,,,,,,,,,,0,,,,,,,,,,,,0,,,,,,,,,,,,0,,,,,,,,,,,,0,,,,,,,,,,,,0,,,,,,,,,,,,0,,,,,,,,,,,,0,,,,,,,,,,,,0,,,,,,,,,,,,0,,,,,,,,,,,,0,,,,,,,,,,,,0,,,,,,,,,,,,0,,,,,,,,,,,,0,,,,,,,,,,,,0,,,,,,,,,,,,0,,,,,,,,,,,,0,,,,,,,,,,,,0,,,,,,,,,,,,0,,,,,,,,,,,,0,,,,,,,,,,,,0,,,,,,,,,,,,0,,,,,,,,,,,,0,,,,,,,,,,,,0,,,,,,,,,,,,0,,,,,,,,,,,,0,,,,,,,,,,,,0,,,,,,,,,,,,0,,,,,,,,,,,,0,,,,,,,,,,,,0,,,,,,,,,,,,0,,,,,,,,,,,,,,,
sensor.kitchen_left_energy,device_consumption,kWh,0,,,,,,,,,,,,0,,,,,,,,,,,,0,,,,,,,,,,,,0,,,,,,,,,,,,0,,,,,,,,,,,,0,,,,,,,,,,,,0.010000000000001563,,,,,,,,,,,,0,,,,,,,,,,,,0,,,,,,,,,,,,0.00999999999999801,,,,,,,,,,,,0,,,,,,,,,,,,0.010000000000001563,,,,,,,,,,,,0,,,,,,,,,,,,0.00999999999999801,,,,,,,,,,,,0,,,,,,,,,,,,0,,,,,,,,,,,,0.010000000000001563,,,,,,,,,,,,0.00999999999999801,,,,,,,,,,,,0.010000000000001563,,,,,,,,,,,,0,,,,,,,,,,,,0.00999999999999801,,,,,,,,,,,,0,,,,,,,,,,,,0.010000000000001563,,,,,,,,,,,,0,,,,,,,,,,,,0,,,,,,,,,,,,0,,,,,,,,,,,,0,,,,,,,,,,,,0,,,,,,,,,,,,0,,,,,,,,,,,,0,,,,,,,,,,,,0,,,,,,,,,,,,0,,,,,,,,,,,,0,,,,,,,,,,,,0.010000000000001563,,,,,,,,,,,,0,,,,,,,,,,,,0,,,,,,,,,,,,0,,,,,,,,,,,,0,,,,,,,,,,,,0,,,,,,,,,,,,0,,,,,,,,,,,,0,,,,,,,,,,,,0.00999999999999801,,,,,,,,,,,,0.010000000000001563,,,,,,,,,,,,0.00999999999999801,,,,,,,,,,,,0,,,,,,,,,,,,0,,,,,,,,,,,,0.010000000000001563,,,,,,,,,,,,0,,,,,,,,,,,,0,,,,,,,,,,,,0,,,,,,,,,,,,0,,,,,,,,,,,,0,,,,,,,,,,,,0,,,,,,,,,,,,0,,,,,,,,,,,,0,,,,,,,,,,,,0,,,,,,,,,,,,0,,,,,,,,,,,,0.00999999999999801,,,,,,,,,,,,0,,,,,,,,,,,,0,,,,,,,,,,,,0.010000000000001563,,,,,,,,,,,,0,,,,,,,,,,,,0,,,,,,,,,,,,0,,,,,,,,,,,,0,,,,,,,,,,,,0,,,,,,,,,,,,0,,,,,,,,,,,,0.010000000000001563,,,,,,,,,,,,0,,,,,,,,,,,,0,,,,,,,,,,,,,,,
sensor.kitchen_right_energy,device_consumption,kWh,0,,,,,,,,,,,,0,,,,,,,,,,,,0,,,,,,,,,,,,0,,,,,,,,,,,,0,,,,,,,,,,,,0,,,,,,,,,,,,0.009999999999999787,,,,,,,,,,,,0,,,,,,,,,,,,0,,,,,,,,,,,,0,,,,,,,,,,,,0,,,,,,,,,,,,0,,,,,,,,,,,,0,,,,,,,,,,,,0,,,,,,,,,,,,0,,,,,,,,,,,,0,,,,,,,,,,,,0,,,,,,,,,,,,0.009999999999999787,,,,,,,,,,,,0,,,,,,,,,,,,0,,,,,,,,,,,,0,,,,,,,,,,,,0.009999999999999787,,,,,,,,,,,,0,,,,,,,,,,,,0,,,,,,,,,,,,0,,,,,,,,,,,,0,,,,,,,,,,,,0,,,,,,,,,,,,0,,,,,,,,,,,,0,,,,,,,,,,,,0,,,,,,,,,,,,0,,,,,,,,,,,,0,,,,,,,,,,,,0,,,,,,,,,,,,0,,,,,,,,,,,,0,,,,,,,,,,,,0,,,,,,,,,,,,0,,,,,,,,,,,,0,,,,,,,,,,,,0,,,,,,,,,,,,0,,,,,,,,,,,,0,,,,,,,,,,,,0,,,,,,,,,,,,0.010000000000001563,,,,,,,,,,,,0,,,,,,,,,,,,0,,,,,,,,,,,,0,,,,,,,,,,,,0,,,,,,,,,,,,0,,,,,,,,,,,,0,,,,,,,,,,,,0,,,,,,,,,,,,0,,,,,,,,,,,,0,,,,,,,,,,,,0,,,,,,,,,,,,0,,,,,,,,,,,,0,,,,,,,,,,,,0,,,,,,,,,,,,0,,,,,,,,,,,,0,,,,,,,,,,,,0.009999999999999787,,,,,,,,,,,,0,,,,,,,,,,,,0,,,,,,,,,,,,0,,,,,,,,,,,,0,,,,,,,,,,,,0,,,,,,,,,,,,0,,,,,,,,,,,,0,,,,,,,,,,,,0,,,,,,,,,,,,0,,,,,,,,,,,,0,,,,,,,,,,,,0,,,,,,,,,,,,,,,
sensor.office_desk_energy,device_consumption,kWh,0,,,,,,,,,,,,0,,,,,,,,,,,,0,,,,,,,,,,,,0,,,,,,,,,,,,0,,,,,,,,,,,,0,,,,,,,,,,,,0,,,,,,,,,,,,0,,,,,,,,,,,,0,,,,,,,,,,,,0,,,,,,,,,,,,0,,,,,,,,,,,,0,,,,,,,,,,,,0,,,,,,,,,,,,0,,,,,,,,,,,,0,,,,,,,,,,,,0,,,,,,,,,,,,0,,,,,,,,,,,,0,,,,,,,,,,,,0,,,,,,,,,,,,0,,,,,,,,,,,,0,,,,,,,,,,,,0,,,,,,,,,,,,0,,,,,,,,,,,,0,,,,,,,,,,,,0,,,,,,,,,,,,0,,,,,,,,,,,,0,,,,,,,,,,,,0,,,,,,,,,,,,0,,,,,,,,,,,,0.04999999999999716,,,,,,,,,,,,0.09000000000000341,,,,,,,,,,,,0.10999999999999943,,,,,,,,,,,,0.01999999999999602,,,,,,,,,,,,0.15000000000000568,,,,,,,,,,,,0.12000000000000455,,,,,,,,,,,,0.11999999999999034,,,,,,,,,,,,0.060000000000002274,,,,,,,,,,,,0,,,,,,,,,,,,0.04999999999999716,,,,,,,,,,,,0.11000000000001364,,,,,,,,,,,,0.05999999999998806,,,,,,,,,,,,0,,,,,,,,,,,,0,,,,,,,,,,,,0,,,,,,,,,,,,0,,,,,,,,,,,,0,,,,,,,,,,,,0,,,,,,,,,,,,0,,,,,,,,,,,,0,,,,,,,,,,,,0,,,,,,,,,,,,0,,,,,,,,,,,,0,,,,,,,,,,,,0,,,,,,,,,,,,0,,,,,,,,,,,,0,,,,,,,,,,,,0.010000000000005116,,,,,,,,,,,,0.04999999999999716,,,,,,,,,,,,0,,,,,,,,,,,,0,,,,,,,,,,,,0,,,,,,,,,,,,0,,,,,,,,,,,,0,,,,,,,,,,,,0.04999999999999716,,,,,,,,,,,,0.13000000000000966,,,,,,,,,,,,0.060000000000002274,,,,,,,,,,,,0,,,,,,,,,,,,0,,,,,,,,,,,,0,,,,,,,,,,,,0,,,,,,,,,,,,0,,,,,,,,,,,,,,,
sensor.shed_lamp_plug_summation_delivered,device_consumption,kWh,0,,,,,,,,,,,,0,,,,,,,,,,,,0,,,,,,,,,,,,0,,,,,,,,,,,,0,,,,,,,,,,,,0,,,,,,,,,,,,0,,,,,,,,,,,,0,,,,,,,,,,,,0,,,,,,,,,,,,0,,,,,,,,,,,,0,,,,,,,,,,,,0,,,,,,,,,,,,0,,,,,,,,,,,,0,,,,,,,,,,,,0,,,,,,,,,,,,0,,,,,,,,,,,,0,,,,,,,,,,,,0,,,,,,,,,,,,0,,,,,,,,,,,,0,,,,,,,,,,,,0,,,,,,,,,,,,0,,,,,,,,,,,,0,,,,,,,,,,,,0,,,,,,,,,,,,0,,,,,,,,,,,,0,,,,,,,,,,,,0,,,,,,,,,,,,0,,,,,,,,,,,,0,,,,,,,,,,,,0,,,,,,,,,,,,0,,,,,,,,,,,,0,,,,,,,,,,,,0,,,,,,,,,,,,0,,,,,,,,,,,,0,,,,,,,,,,,,0,,,,,,,,,,,,0.03999999999999915,,,,,,,,,,,,0.10999999999999943,,,,,,,,,,,,0.05000000000000071,,,,,,,,,,,,0,,,,,,,,,,,,0,,,,,,,,,,,,0,,,,,,,,,,,,0,,,,,,,,,,,,0,,,,,,,,,,,,0,,,,,,,,,,,,0,,,,,,,,,,,,0,,,,,,,,,,,,0,,,,,,,,,,,,0,,,,,,,,,,,,0,,,,,,,,,,,,0,,,,,,,,,,,,0,,,,,,,,,,,,0,,,,,,,,,,,,0,,,,,,,,,,,,0,,,,,,,,,,,,0,,,,,,,,,,,,0,,,,,,,,,,,,0,,,,,,,,,,,,0,,,,,,,,,,,,0,,,,,,,,,,,,0,,,,,,,,,,,,0,,,,,,,,,,,,0,,,,,,,,,,,,0,,,,,,,,,,,,0,,,,,,,,,,,,0,,,,,,,,,,,,0,,,,,,,,,,,,0,,,,,,,,,,,,0,,,,,,,,,,,,0,,,,,,,,,,,,,,,
sensor.car_charger_enphase_energy_import,device_consumption,kWh,11.178999999999633,,,,,,,,,,,,7.182000000000244,,,,,,,,,,,,0,,,,,,,,,,,,0,,,,,,,,,,,,0.0009999999997489795,,,,,,,,,,,,0,,,,,,,,,,,,0.12700000000040745,,,,,,,,,,,,0,,,,,,,,,,,,0,,,,,,,,,,,,0,,,,,,,,,,,,0,,,,,,,,,,,,0,,,,,,,,,,,,0,,,,,,,,,,,,0,,,,,,,,,,,,0.0009999999997489795,,,,,,,,,,,,1.0630000000001019,,,,,,,,,,,,1.4940000000001419,,,,,,,,,,,,0.5519999999996799,,,,,,,,,,,,0,,,,,,,,,,,,0,,,,,,,,,,,,0,,,,,,,,,,,,0.0010000000002037268,,,,,,,,,,,,0,,,,,,,,,,,,0,,,,,,,,,,,,0,,,,,,,,,,,,0,,,,,,,,,,,,0,,,,,,,,,,,,0,,,,,,,,,,,,0,,,,,,,,,,,,0,,,,,,,,,,,,0.0009999999997489795,,,,,,,,,,,,0,,,,,,,,,,,,0.39600000000018554,,,,,,,,,,,,1.0969999999997526,,,,,,,,,,,,2.6460000000001855,,,,,,,,,,,,2.58600000000024,,,,,,,,,,,,3.044999999999618,,,,,,,,,,,,2.8479999999999563,,,,,,,,,,,,2.344000000000051,,,,,,,,,,,,1.300000000000182,,,,,,,,,,,,0.34799999999995634,,,,,,,,,,,,0,,,,,,,,,,,,0.3249999999998181,,,,,,,,,,,,0,,,,,,,,,,,,0.0010000000002037268,,,,,,,,,,,,0,,,,,,,,,,,,0,,,,,,,,,,,,0,,,,,,,,,,,,0,,,,,,,,,,,,0,,,,,,,,,,,,0.0010000000002037268,,,,,,,,,,,,0.0009999999997489795,,,,,,,,,,,,0,,,,,,,,,,,,0,,,,,,,,,,,,0,,,,,,,,,,,,0,,,,,,,,,,,,0,,,,,,,,,,,,0.4169999999999163,,,,,,,,,,,,0.9400000000000546,,,,,,,,,,,,0,,,,,,,,,,,,0.7550000000001091,,,,,,,,,,,,2.7350000000001273,,,,,,,,,,,,1.7039999999997235,,,,,,,,,,,,1.0850000000000364,,,,,,,,,,,,0.17200000000002547,,,,,,,,,,,,0.003000000000156433,,,,,,,,,,,,0,,,,,,,,,,,,0.0019999999999527063,,,,,,,,,,,,0,,,,,,,,,,,,0,,,,,,,,,,,,,,,
sensor.backyard_hallway_31_light_energy,device_consumption,kWh,0,,,,,,,,,,,,0,,,,,,,,,,,,0,,,,,,,,,,,,0,,,,,,,,,,,,0,,,,,,,,,,,,0,,,,,,,,,,,,0,,,,,,,,,,,,0,,,,,,,,,,,,0,,,,,,,,,,,,0,,,,,,,,,,,,0,,,,,,,,,,,,0,,,,,,,,,,,,0,,,,,,,,,,,,0,,,,,,,,,,,,0,,,,,,,,,,,,0,,,,,,,,,,,,0,,,,,,,,,,,,0,,,,,,,,,,,,0,,,,,,,,,,,,0,,,,,,,,,,,,0,,,,,,,,,,,,0.010000000000000009,,,,,,,,,,,,0,,,,,,,,,,,,0,,,,,,,,,,,,0,,,,,,,,,,,,0,,,,,,,,,,,,0,,,,,,,,,,,,0,,,,,,,,,,,,0,,,,,,,,,,,,0,,,,,,,,,,,,0,,,,,,,,,,,,0,,,,,,,,,,,,0,,,,,,,,,,,,0,,,,,,,,,,,,0,,,,,,,,,,,,0,,,,,,,,,,,,0,,,,,,,,,,,,0,,,,,,,,,,,,0,,,,,,,,,,,,0,,,,,,,,,,,,0,,,,,,,,,,,,0,,,,,,,,,,,,0,,,,,,,,,,,,0,,,,,,,,,,,,0,,,,,,,,,,,,0.010000000000000009,,,,,,,,,,,,0,,,,,,,,,,,,0,,,,,,,,,,,,0,,,,,,,,,,,,0,,,,,,,,,,,,0,,,,,,,,,,,,0,,,,,,,,,,,,0,,,,,,,,,,,,0,,,,,,,,,,,,0,,,,,,,,,,,,0,,,,,,,,,,,,0,,,,,,,,,,,,0,,,,,,,,,,,,0,,,,,,,,,,,,0,,,,,,,,,,,,0,,,,,,,,,,,,0,,,,,,,,,,,,0,,,,,,,,,,,,0,,,,,,,,,,,,0,,,,,,,,,,,,0,,,,,,,,,,,,0,,,,,,,,,,,,0,,,,,,,,,,,,0,,,,,,,,,,,,0.010000000000000009,,,,,,,,,,,,,,,
sensor.bathroom_ceiling_bath_light_energy,device_consumption,kWh,0.009999999999999787,,,,,,,,,,,,0,,,,,,,,,,,,0,,,,,,,,,,,,0,,,,,,,,,,,,0,,,,,,,,,,,,0,,,,,,,,,,,,0,,,,,,,,,,,,0,,,,,,,,,,,,0,,,,,,,,,,,,0,,,,,,,,,,,,0,,,,,,,,,,,,0,,,,,,,,,,,,0,,,,,,,,,,,,0,,,,,,,,,,,,0,,,,,,,,,,,,0,,,,,,,,,,,,0,,,,,,,,,,,,0,,,,,,,,,,,,0,,,,,,,,,,,,0,,,,,,,,,,,,0,,,,,,,,,,,,0.010000000000000231,,,,,,,,,,,,0,,,,,,,,,,,,0,,,,,,,,,,,,0,,,,,,,,,,,,0,,,,,,,,,,,,0,,,,,,,,,,,,0,,,,,,,,,,,,0,,,,,,,,,,,,0,,,,,,,,,,,,0,,,,,,,,,,,,0,,,,,,,,,,,,0,,,,,,,,,,,,0,,,,,,,,,,,,0,,,,,,,,,,,,0,,,,,,,,,,,,0,,,,,,,,,,,,0,,,,,,,,,,,,0,,,,,,,,,,,,0,,,,,,,,,,,,0,,,,,,,,,,,,0,,,,,,,,,,,,0,,,,,,,,,,,,0,,,,,,,,,,,,0,,,,,,,,,,,,0,,,,,,,,,,,,0,,,,,,,,,,,,0,,,,,,,,,,,,0,,,,,,,,,,,,0,,,,,,,,,,,,0,,,,,,,,,,,,0,,,,,,,,,,,,0.009999999999999787,,,,,,,,,,,,0,,,,,,,,,,,,0,,,,,,,,,,,,0,,,,,,,,,,,,0,,,,,,,,,,,,0,,,,,,,,,,,,0,,,,,,,,,,,,0,,,,,,,,,,,,0.010000000000000231,,,,,,,,,,,,0,,,,,,,,,,,,0,,,,,,,,,,,,0,,,,,,,,,,,,0,,,,,,,,,,,,0,,,,,,,,,,,,0,,,,,,,,,,,,0,,,,,,,,,,,,0,,,,,,,,,,,,0,,,,,,,,,,,,,,,
sensor.bathroom_ceiling_entrance_light_energy,device_consumption,kWh,0.010000000000000231,,,,,,,,,,,,0,,,,,,,,,,,,0,,,,,,,,,,,,0,,,,,,,,,,,,0,,,,,,,,,,,,0,,,,,,,,,,,,0,,,,,,,,,,,,0,,,,,,,,,,,,0,,,,,,,,,,,,0,,,,,,,,,,,,0,,,,,,,,,,,,0,,,,,,,,,,,,0,,,,,,,,,,,,0,,,,,,,,,,,,0,,,,,,,,,,,,0,,,,,,,,,,,,0,,,,,,,,,,,,0,,,,,,,,,,,,0,,,,,,,,,,,,0,,,,,,,,,,,,0,,,,,,,,,,,,0.009999999999999787,,,,,,,,,,,,0,,,,,,,,,,,,0,,,,,,,,,,,,0,,,,,,,,,,,,0,,,,,,,,,,,,0,,,,,,,,,,,,0,,,,,,,,,,,,0,,,,,,,,,,,,0,,,,,,,,,,,,0,,,,,,,,,,,,0,,,,,,,,,,,,0,,,,,,,,,,,,0,,,,,,,,,,,,0,,,,,,,,,,,,0,,,,,,,,,,,,0,,,,,,,,,,,,0,,,,,,,,,,,,0,,,,,,,,,,,,0,,,,,,,,,,,,0,,,,,,,,,,,,0,,,,,,,,,,,,0,,,,,,,,,,,,0,,,,,,,,,,,,0,,,,,,,,,,,,0,,,,,,,,,,,,0,,,,,,,,,,,,0,,,,,,,,,,,,0,,,,,,,,,,,,0,,,,,,,,,,,,0,,,,,,,,,,,,0,,,,,,,,,,,,0.010000000000000231,,,,,,,,,,,,0,,,,,,,,,,,,0,,,,,,,,,,,,0,,,,,,,,,,,,0,,,,,,,,,,,,0,,,,,,,,,,,,0,,,,,,,,,,,,0,,,,,,,,,,,,0.009999999999999787,,,,,,,,,,,,0,,,,,,,,,,,,0,,,,,,,,,,,,0,,,,,,,,,,,,0,,,,,,,,,,,,0,,,,,,,,,,,,0,,,,,,,,,,,,0,,,,,,,,,,,,0,,,,,,,,,,,,0,,,,,,,,,,,,,,,
sensor.bathroom_ceiling_shower_light_energy,device_consumption,kWh,0.010000000000000231,,,,,,,,,,,,0,,,,,,,,,,,,0,,,,,,,,,,,,0,,,,,,,,,,,,0,,,,,,,,,,,,0,,,,,,,,,,,,0,,,,,,,,,,,,0,,,,,,,,,,,,0,,,,,,,,,,,,0,,,,,,,,,,,,0,,,,,,,,,,,,0,,,,,,,,,,,,0,,,,,,,,,,,,0,,,,,,,,,,,,0,,,,,,,,,,,,0,,,,,,,,,,,,0,,,,,,,,,,,,0,,,,,,,,,,,,0,,,,,,,,,,,,0,,,,,,,,,,,,0,,,,,,,,,,,,0,,,,,,,,,,,,0,,,,,,,,,,,,0.009999999999999787,,,,,,,,,,,,0,,,,,,,,,,,,0,,,,,,,,,,,,0,,,,,,,,,,,,0,,,,,,,,,,,,0,,,,,,,,,,,,0,,,,,,,,,,,,0,,,,,,,,,,,,0,,,,,,,,,,,,0,,,,,,,,,,,,0,,,,,,,,,,,,0,,,,,,,,,,,,0,,,,,,,,,,,,0,,,,,,,,,,,,0,,,,,,,,,,,,0,,,,,,,,,,,,0,,,,,,,,,,,,0,,,,,,,,,,,,0,,,,,,,,,,,,0,,,,,,,,,,,,0,,,,,,,,,,,,0,,,,,,,,,,,,0,,,,,,,,,,,,0,,,,,,,,,,,,0,,,,,,,,,,,,0,,,,,,,,,,,,0,,,,,,,,,,,,0,,,,,,,,,,,,0,,,,,,,,,,,,0.010000000000000231,,,,,,,,,,,,0,,,,,,,,,,,,0,,,,,,,,,,,,0,,,,,,,,,,,,0,,,,,,,,,,,,0,,,,,,,,,,,,0,,,,,,,,,,,,0,,,,,,,,,,,,0,,,,,,,,,,,,0,,,,,,,,,,,,0,,,,,,,,,,,,0,,,,,,,,,,,,0,,,,,,,,,,,,0,,,,,,,,,,,,0,,,,,,,,,,,,0,,,,,,,,,,,,0,,,,,,,,,,,,0,,,,,,,,,,,,,,,
sensor.bathroom_ceiling_toilet_light_energy,device_consumption,kWh,0.009999999999999787,,,,,,,,,,,,0,,,,,,,,,,,,0,,,,,,,,,,,,0,,,,,,,,,,,,0,,,,,,,,,,,,0,,,,,,,,,,,,0,,,,,,,,,,,,0,,,,,,,,,,,,0,,,,,,,,,,,,0,,,,,,,,,,,,0,,,,,,,,,,,,0,,,,,,,,,,,,0,,,,,,,,,,,,0,,,,,,,,,,,,0,,,,,,,,,,,,0,,,,,,,,,,,,0,,,,,,,,,,,,0,,,,,,,,,,,,0,,,,,,,,,,,,0,,,,,,,,,,,,0.010000000000000231,,,,,,,,,,,,0,,,,,,,,,,,,0,,,,,,,,,,,,0,,,,,,,,,,,,0,,,,,,,,,,,,0,,,,,,,,,,,,0,,,,,,,,,,,,0,,,,,,,,,,,,0,,,,,,,,,,,,0,,,,,,,,,,,,0,,,,,,,,,,,,0,,,,,,,,,,,,0,,,,,,,,,,,,0,,,,,,,,,,,,0,,,,,,,,,,,,0,,,,,,,,,,,,0,,,,,,,,,,,,0,,,,,,,,,,,,0,,,,,,,,,,,,0,,,,,,,,,,,,0,,,,,,,,,,,,0,,,,,,,,,,,,0,,,,,,,,,,,,0,,,,,,,,,,,,0,,,,,,,,,,,,0,,,,,,,,,,,,0,,,,,,,,,,,,0,,,,,,,,,,,,0,,,,,,,,,,,,0,,,,,,,,,,,,0,,,,,,,,,,,,0,,,,,,,,,,,,0.009999999999999787,,,,,,,,,,,,0,,,,,,,,,,,,0,,,,,,,,,,,,0,,,,,,,,,,,,0,,,,,,,,,,,,0,,,,,,,,,,,,0,,,,,,,,,,,,0,,,,,,,,,,,,0.010000000000000231,,,,,,,,,,,,0,,,,,,,,,,,,0,,,,,,,,,,,,0,,,,,,,,,,,,0,,,,,,,,,,,,0,,,,,,,,,,,,0,,,,,,,,,,,,0,,,,,,,,,,,,0,,,,,,,,,,,,0,,,,,,,,,,,,,,,
sensor.lounge_spot_center_down_light_energy,device_consumption,kWh,0,,,,,,,,,,,,0,,,,,,,,,,,,0.010000000000000231,,,,,,,,,,,,0,,,,,,,,,,,,0,,,,,,,,,,,,0,,,,,,,,,,,,0,,,,,,,,,,,,0,,,,,,,,,,,,0,,,,,,,,,,,,0,,,,,,,,,,,,0,,,,,,,,,,,,0,,,,,,,,,,,,0,,,,,,,,,,,,0,,,,,,,,,,,,0,,,,,,,,,,,,0,,,,,,,,,,,,0,,,,,,,,,,,,0,,,,,,,,,,,,0,,,,,,,,,,,,0,,,,,,,,,,,,0,,,,,,,,,,,,0,,,,,,,,,,,,0,,,,,,,,,,,,0.009999999999999787,,,,,,,,,,,,0,,,,,,,,,,,,0,,,,,,,,,,,,0,,,,,,,,,,,,0,,,,,,,,,,,,0,,,,,,,,,,,,0,,,,,,,,,,,,0,,,,,,,,,,,,0,,,,,,,,,,,,0,,,,,,,,,,,,0,,,,,,,,,,,,0,,,,,,,,,,,,0,,,,,,,,,,,,0,,,,,,,,,,,,0,,,,,,,,,,,,0,,,,,,,,,,,,0,,,,,,,,,,,,0,,,,,,,,,,,,0,,,,,,,,,,,,0,,,,,,,,,,,,0,,,,,,,,,,,,0,,,,,,,,,,,,0,,,,,,,,,,,,0,,,,,,,,,,,,0,,,,,,,,,,,,0,,,,,,,,,,,,0.010000000000000231,,,,,,,,,,,,0,,,,,,,,,,,,0,,,,,,,,,,,,0,,,,,,,,,,,,0,,,,,,,,,,,,0,,,,,,,,,,,,0,,,,,,,,,,,,0,,,,,,,,,,,,0,,,,,,,,,,,,0,,,,,,,,,,,,0,,,,,,,,,,,,0,,,,,,,,,,,,0,,,,,,,,,,,,0,,,,,,,,,,,,0,,,,,,,,,,,,0,,,,,,,,,,,,0,,,,,,,,,,,,0,,,,,,,,,,,,0,,,,,,,,,,,,0,,,,,,,,,,,,0,,,,,,,,,,,,,,,
sensor.lounge_spot_center_up_light_energy,device_consumption,kWh,0,,,,,,,,,,,,0.009999999999999787,,,,,,,,,,,,0,,,,,,,,,,,,0,,,,,,,,,,,,0,,,,,,,,,,,,0,,,,,,,,,,,,0,,,,,,,,,,,,0,,,,,,,,,,,,0,,,,,,,,,,,,0,,,,,,,,,,,,0,,,,,,,,,,,,0,,,,,,,,,,,,0,,,,,,,,,,,,0,,,,,,,,,,,,0,,,,,,,,,,,,0,,,,,,,,,,,,0,,,,,,,,,,,,0,,,,,,,,,,,,0,,,,,,,,,,,,0,,,,,,,,,,,,0,,,,,,,,,,,,0,,,,,,,,,,,,0,,,,,,,,,,,,0,,,,,,,,,,,,0.010000000000000231,,,,,,,,,,,,0,,,,,,,,,,,,0,,,,,,,,,,,,0,,,,,,,,,,,,0,,,,,,,,,,,,0,,,,,,,,,,,,0,,,,,,,,,,,,0,,,,,,,,,,,,0,,,,,,,,,,,,0,,,,,,,,,,,,0,,,,,,,,,,,,0,,,,,,,,,,,,0,,,,,,,,,,,,0,,,,,,,,,,,,0,,,,,,,,,,,,0,,,,,,,,,,,,0,,,,,,,,,,,,0,,,,,,,,,,,,0,,,,,,,,,,,,0,,,,,,,,,,,,0,,,,,,,,,,,,0,,,,,,,,,,,,0,,,,,,,,,,,,0.009999999999999787,,,,,,,,,,,,0,,,,,,,,,,,,0,,,,,,,,,,,,0,,,,,,,,,,,,0,,,,,,,,,,,,0,,,,,,,,,,,,0,,,,,,,,,,,,0,,,,,,,,,,,,0,,,,,,,,,,,,0,,,,,,,,,,,,0,,,,,,,,,,,,0,,,,,,,,,,,,0,,,,,,,,,,,,0,,,,,,,,,,,,0,,,,,,,,,,,,0,,,,,,,,,,,,0,,,,,,,,,,,,0,,,,,,,,,,,,0,,,,,,,,,,,,0,,,,,,,,,,,,0,,,,,,,,,,,,0,,,,,,,,,,,,0,,,,,,,,,,,,,,,
sensor.lounge_spot_left_up_light_energy,device_consumption,kWh,0,,,,,,,,,,,,0.009999999999999787,,,,,,,,,,,,0,,,,,,,,,,,,0,,,,,,,,,,,,0,,,,,,,,,,,,0,,,,,,,,,,,,0,,,,,,,,,,,,0,,,,,,,,,,,,0,,,,,,,,,,,,0,,,,,,,,,,,,0,,,,,,,,,,,,0,,,,,,,,,,,,0,,,,,,,,,,,,0,,,,,,,,,,,,0,,,,,,,,,,,,0,,,,,,,,,,,,0,,,,,,,,,,,,0,,,,,,,,,,,,0,,,,,,,,,,,,0,,,,,,,,,,,,0,,,,,,,,,,,,0,,,,,,,,,,,,0,,,,,,,,,,,,0.010000000000000231,,,,,,,,,,,,0,,,,,,,,,,,,0,,,,,,,,,,,,0,,,,,,,,,,,,0,,,,,,,,,,,,0,,,,,,,,,,,,0,,,,,,,,,,,,0,,,,,,,,,,,,0,,,,,,,,,,,,0,,,,,,,,,,,,0,,,,,,,,,,,,0,,,,,,,,,,,,0,,,,,,,,,,,,0,,,,,,,,,,,,0,,,,,,,,,,,,0,,,,,,,,,,,,0,,,,,,,,,,,,0,,,,,,,,,,,,0,,,,,,,,,,,,0,,,,,,,,,,,,0,,,,,,,,,,,,0,,,,,,,,,,,,0,,,,,,,,,,,,0,,,,,,,,,,,,0,,,,,,,,,,,,0,,,,,,,,,,,,0.009999999999999787,,,,,,,,,,,,0,,,,,,,,,,,,0,,,,,,,,,,,,0,,,,,,,,,,,,0,,,,,,,,,,,,0,,,,,,,,,,,,0,,,,,,,,,,,,0,,,,,,,,,,,,0,,,,,,,,,,,,0,,,,,,,,,,,,0,,,,,,,,,,,,0,,,,,,,,,,,,0,,,,,,,,,,,,0,,,,,,,,,,,,0,,,,,,,,,,,,0,,,,,,,,,,,,0,,,,,,,,,,,,0,,,,,,,,,,,,0,,,,,,,,,,,,0,,,,,,,,,,,,0,,,,,,,,,,,,,,,
sensor.lounge_spot_left_down_light_energy,device_consumption,kWh,0.010000000000000231,,,,,,,,,,,,0,,,,,,,,,,,,0,,,,,,,,,,,,0,,,,,,,,,,,,0,,,,,,,,,,,,0,,,,,,,,,,,,0,,,,,,,,,,,,0,,,,,,,,,,,,0,,,,,,,,,,,,0,,,,,,,,,,,,0,,,,,,,,,,,,0,,,,,,,,,,,,0,,,,,,,,,,,,0,,,,,,,,,,,,0,,,,,,,,,,,,0,,,,,,,,,,,,0,,,,,,,,,,,,0,,,,,,,,,,,,0,,,,,,,,,,,,0,,,,,,,,,,,,0,,,,,,,,,,,,0,,,,,,,,,,,,0,,,,,,,,,,,,0.009999999999999787,,,,,,,,,,,,0,,,,,,,,,,,,0,,,,,,,,,,,,0,,,,,,,,,,,,0,,,,,,,,,,,,0,,,,,,,,,,,,0,,,,,,,,,,,,0,,,,,,,,,,,,0,,,,,,,,,,,,0,,,,,,,,,,,,0,,,,,,,,,,,,0,,,,,,,,,,,,0,,,,,,,,,,,,0,,,,,,,,,,,,0,,,,,,,,,,,,0,,,,,,,,,,,,0,,,,,,,,,,,,0,,,,,,,,,,,,0,,,,,,,,,,,,0,,,,,,,,,,,,0,,,,,,,,,,,,0,,,,,,,,,,,,0,,,,,,,,,,,,0,,,,,,,,,,,,0,,,,,,,,,,,,0.010000000000000231,,,,,,,,,,,,0,,,,,,,,,,,,0,,,,,,,,,,,,0,,,,,,,,,,,,0,,,,,,,,,,,,0,,,,,,,,,,,,0,,,,,,,,,,,,0,,,,,,,,,,,,0,,,,,,,,,,,,0,,,,,,,,,,,,0,,,,,,,,,,,,0,,,,,,,,,,,,0,,,,,,,,,,,,0,,,,,,,,,,,,0,,,,,,,,,,,,0,,,,,,,,,,,,0,,,,,,,,,,,,0,,,,,,,,,,,,0,,,,,,,,,,,,0,,,,,,,,,,,,0,,,,,,,,,,,,0,,,,,,,,,,,,,,,
sensor.lounge_spot_right_down_light_energy,device_consumption,kWh,0,,,,,,,,,,,,0,,,,,,,,,,,,0.009999999999999787,,,,,,,,,,,,0,,,,,,,,,,,,0,,,,,,,,,,,,0,,,,,,,,,,,,0,,,,,,,,,,,,0,,,,,,,,,,,,0,,,,,,,,,,,,0,,,,,,,,,,,,0,,,,,,,,,,,,0,,,,,,,,,,,,0,,,,,,,,,,,,0,,,,,,,,,,,,0,,,,,,,,,,,,0,,,,,,,,,,,,0,,,,,,,,,,,,0,,,,,,,,,,,,0,,,,,,,,,,,,0,,,,,,,,,,,,0,,,,,,,,,,,,0,,,,,,,,,,,,0,,,,,,,,,,,,0,,,,,,,,,,,,0,,,,,,,,,,,,0.010000000000000231,,,,,,,,,,,,0,,,,,,,,,,,,0,,,,,,,,,,,,0,,,,,,,,,,,,0,,,,,,,,,,,,0,,,,,,,,,,,,0,,,,,,,,,,,,0,,,,,,,,,,,,0,,,,,,,,,,,,0,,,,,,,,,,,,0,,,,,,,,,,,,0,,,,,,,,,,,,0,,,,,,,,,,,,0,,,,,,,,,,,,0,,,,,,,,,,,,0,,,,,,,,,,,,0,,,,,,,,,,,,0,,,,,,,,,,,,0,,,,,,,,,,,,0,,,,,,,,,,,,0,,,,,,,,,,,,0,,,,,,,,,,,,0,,,,,,,,,,,,0.009999999999999787,,,,,,,,,,,,0,,,,,,,,,,,,0,,,,,,,,,,,,0,,,,,,,,,,,,0,,,,,,,,,,,,0,,,,,,,,,,,,0,,,,,,,,,,,,0,,,,,,,,,,,,0,,,,,,,,,,,,0,,,,,,,,,,,,0,,,,,,,,,,,,0,,,,,,,,,,,,0,,,,,,,,,,,,0,,,,,,,,,,,,0,,,,,,,,,,,,0,,,,,,,,,,,,0,,,,,,,,,,,,0,,,,,,,,,,,,0,,,,,,,,,,,,0,,,,,,,,,,,,0,,,,,,,,,,,,0,,,,,,,,,,,,,,,
sensor.lounge_spot_right_up_light_energy,device_consumption,kWh,0,,,,,,,,,,,,0,,,,,,,,,,,,0.009999999999999787,,,,,,,,,,,,0,,,,,,,,,,,,0,,,,,,,,,,,,0,,,,,,,,,,,,0,,,,,,,,,,,,0,,,,,,,,,,,,0,,,,,,,,,,,,0,,,,,,,,,,,,0,,,,,,,,,,,,0,,,,,,,,,,,,0,,,,,,,,,,,,0,,,,,,,,,,,,0,,,,,,,,,,,,0,,,,,,,,,,,,0,,,,,,,,,,,,0,,,,,,,,,,,,0,,,,,,,,,,,,0,,,,,,,,,,,,0,,,,,,,,,,,,0,,,,,,,,,,,,0,,,,,,,,,,,,0.010000000000000231,,,,,,,,,,,,0,,,,,,,,,,,,0,,,,,,,,,,,,0,,,,,,,,,,,,0,,,,,,,,,,,,0,,,,,,,,,,,,0,,,,,,,,,,,,0,,,,,,,,,,,,0,,,,,,,,,,,,0,,,,,,,,,,,,0,,,,,,,,,,,,0,,,,,,,,,,,,0,,,,,,,,,,,,0,,,,,,,,,,,,0,,,,,,,,,,,,0,,,,,,,,,,,,0,,,,,,,,,,,,0,,,,,,,,,,,,0,,,,,,,,,,,,0,,,,,,,,,,,,0,,,,,,,,,,,,0,,,,,,,,,,,,0,,,,,,,,,,,,0,,,,,,,,,,,,0,,,,,,,,,,,,0.009999999999999787,,,,,,,,,,,,0,,,,,,,,,,,,0,,,,,,,,,,,,0,,,,,,,,,,,,0,,,,,,,,,,,,0,,,,,,,,,,,,0,,,,,,,,,,,,0,,,,,,,,,,,,0,,,,,,,,,,,,0,,,,,,,,,,,,0,,,,,,,,,,,,0,,,,,,,,,,,,0,,,,,,,,,,,,0,,,,,,,,,,,,0,,,,,,,,,,,,0,,,,,,,,,,,,0,,,,,,,,,,,,0,,,,,,,,,,,,0,,,,,,,,,,,,0,,,,,,,,,,,,0,,,,,,,,,,,,0,,,,,,,,,,,,,,,
sensor.master_bedroom_bed_light_energy,device_consumption,kWh,0,,,,,,,,,,,,0.010000000000000231,,,,,,,,,,,,0,,,,,,,,,,,,0,,,,,,,,,,,,0,,,,,,,,,,,,0,,,,,,,,,,,,0,,,,,,,,,,,,0,,,,,,,,,,,,0,,,,,,,,,,,,0,,,,,,,,,,,,0,,,,,,,,,,,,0,,,,,,,,,,,,0,,,,,,,,,,,,0,,,,,,,,,,,,0,,,,,,,,,,,,0,,,,,,,,,,,,0,,,,,,,,,,,,0,,,,,,,,,,,,0,,,,,,,,,,,,0,,,,,,,,,,,,0,,,,,,,,,,,,0.009999999999999787,,,,,,,,,,,,0,,,,,,,,,,,,0,,,,,,,,,,,,0,,,,,,,,,,,,0,,,,,,,,,,,,0,,,,,,,,,,,,0,,,,,,,,,,,,0,,,,,,,,,,,,0,,,,,,,,,,,,0,,,,,,,,,,,,0,,,,,,,,,,,,0,,,,,,,,,,,,0,,,,,,,,,,,,0,,,,,,,,,,,,0,,,,,,,,,,,,0,,,,,,,,,,,,0,,,,,,,,,,,,0,,,,,,,,,,,,0,,,,,,,,,,,,0,,,,,,,,,,,,0,,,,,,,,,,,,0,,,,,,,,,,,,0,,,,,,,,,,,,0,,,,,,,,,,,,0,,,,,,,,,,,,0.010000000000000231,,,,,,,,,,,,0,,,,,,,,,,,,0,,,,,,,,,,,,0,,,,,,,,,,,,0,,,,,,,,,,,,0,,,,,,,,,,,,0,,,,,,,,,,,,0,,,,,,,,,,,,0,,,,,,,,,,,,0,,,,,,,,,,,,0,,,,,,,,,,,,0,,,,,,,,,,,,0.009999999999999787,,,,,,,,,,,,0,,,,,,,,,,,,0,,,,,,,,,,,,0,,,,,,,,,,,,0,,,,,,,,,,,,0,,,,,,,,,,,,0,,,,,,,,,,,,0,,,,,,,,,,,,0,,,,,,,,,,,,0,,,,,,,,,,,,0,,,,,,,,,,,,0.010000000000000231,,,,,,,,,,,,,,,
sensor.master_bedroom_entrance_light_energy,device_consumption,kWh,0,,,,,,,,,,,,0,,,,,,,,,,,,0,,,,,,,,,,,,0.010000000000000231,,,,,,,,,,,,0,,,,,,,,,,,,0,,,,,,,,,,,,0,,,,,,,,,,,,0,,,,,,,,,,,,0,,,,,,,,,,,,0,,,,,,,,,,,,0,,,,,,,,,,,,0,,,,,,,,,,,,0,,,,,,,,,,,,0,,,,,,,,,,,,0,,,,,,,,,,,,0,,,,,,,,,,,,0,,,,,,,,,,,,0,,,,,,,,,,,,0,,,,,,,,,,,,0,,,,,,,,,,,,0,,,,,,,,,,,,0,,,,,,,,,,,,0,,,,,,,,,,,,0,,,,,,,,,,,,0.009999999999999787,,,,,,,,,,,,0,,,,,,,,,,,,0,,,,,,,,,,,,0,,,,,,,,,,,,0,,,,,,,,,,,,0,,,,,,,,,,,,0,,,,,,,,,,,,0,,,,,,,,,,,,0,,,,,,,,,,,,0,,,,,,,,,,,,0,,,,,,,,,,,,0,,,,,,,,,,,,0,,,,,,,,,,,,0,,,,,,,,,,,,0,,,,,,,,,,,,0,,,,,,,,,,,,0,,,,,,,,,,,,0,,,,,,,,,,,,0,,,,,,,,,,,,0,,,,,,,,,,,,0.009999999999999787,,,,,,,,,,,,0,,,,,,,,,,,,0,,,,,,,,,,,,0,,,,,,,,,,,,0,,,,,,,,,,,,0,,,,,,,,,,,,0,,,,,,,,,,,,0,,,,,,,,,,,,0,,,,,,,,,,,,0,,,,,,,,,,,,0,,,,,,,,,,,,0,,,,,,,,,,,,0,,,,,,,,,,,,0,,,,,,,,,,,,0,,,,,,,,,,,,0,,,,,,,,,,,,0,,,,,,,,,,,,0,,,,,,,,,,,,0,,,,,,,,,,,,0.010000000000000231,,,,,,,,,,,,0,,,,,,,,,,,,0,,,,,,,,,,,,0,,,,,,,,,,,,0,,,,,,,,,,,,0,,,,,,,,,,,,0,,,,,,,,,,,,,,,
sensor.master_bedroom_tv_light_energy,device_consumption,kWh,0,,,,,,,,,,,,0.009999999999999787,,,,,,,,,,,,0,,,,,,,,,,,,0,,,,,,,,,,,,0,,,,,,,,,,,,0,,,,,,,,,,,,0,,,,,,,,,,,,0,,,,,,,,,,,,0,,,,,,,,,,,,0,,,,,,,,,,,,0,,,,,,,,,,,,0,,,,,,,,,,,,0,,,,,,,,,,,,0,,,,,,,,,,,,0,,,,,,,,,,,,0,,,,,,,,,,,,0,,,,,,,,,,,,0,,,,,,,,,,,,0,,,,,,,,,,,,0,,,,,,,,,,,,0,,,,,,,,,,,,0.010000000000000231,,,,,,,,,,,,0,,,,,,,,,,,,0,,,,,,,,,,,,0,,,,,,,,,,,,0,,,,,,,,,,,,0,,,,,,,,,,,,0,,,,,,,,,,,,0,,,,,,,,,,,,0,,,,,,,,,,,,0,,,,,,,,,,,,0,,,,,,,,,,,,0,,,,,,,,,,,,0,,,,,,,,,,,,0,,,,,,,,,,,,0,,,,,,,,,,,,0,,,,,,,,,,,,0,,,,,,,,,,,,0,,,,,,,,,,,,0,,,,,,,,,,,,0,,,,,,,,,,,,0,,,,,,,,,,,,0,,,,,,,,,,,,0,,,,,,,,,,,,0,,,,,,,,,,,,0,,,,,,,,,,,,0.009999999999999787,,,,,,,,,,,,0,,,,,,,,,,,,0,,,,,,,,,,,,0,,,,,,,,,,,,0,,,,,,,,,,,,0,,,,,,,,,,,,0,,,,,,,,,,,,0,,,,,,,,,,,,0,,,,,,,,,,,,0,,,,,,,,,,,,0,,,,,,,,,,,,0,,,,,,,,,,,,0,,,,,,,,,,,,0,,,,,,,,,,,,0,,,,,,,,,,,,0.010000000000000231,,,,,,,,,,,,0,,,,,,,,,,,,0,,,,,,,,,,,,0,,,,,,,,,,,,0,,,,,,,,,,,,0,,,,,,,,,,,,0,,,,,,,,,,,,0,,,,,,,,,,,,0.009999999999999787,,,,,,,,,,,,,,,
sensor.terrace_border_left_1_light_energy,device_consumption,kWh,0,,,,,,,,,,,,0,,,,,,,,,,,,0,,,,,,,,,,,,0,,,,,,,,,,,,0,,,,,,,,,,,,0,,,,,,,,,,,,0,,,,,,,,,,,,0,,,,,,,,,,,,0,,,,,,,,,,,,0,,,,,,,,,,,,0,,,,,,,,,,,,0,,,,,,,,,,,,0,,,,,,,,,,,,0,,,,,,,,,,,,0,,,,,,,,,,,,0,,,,,,,,,,,,0,,,,,,,,,,,,0,,,,,,,,,,,,0,,,,,,,,,,,,0,,,,,,,,,,,,0.009999999999999787,,,,,,,,,,,,0,,,,,,,,,,,,0,,,,,,,,,,,,0,,,,,,,,,,,,0,,,,,,,,,,,,0,,,,,,,,,,,,0,,,,,,,,,,,,0,,,,,,,,,,,,0,,,,,,,,,,,,0,,,,,,,,,,,,0,,,,,,,,,,,,0,,,,,,,,,,,,0,,,,,,,,,,,,0,,,,,,,,,,,,0,,,,,,,,,,,,0,,,,,,,,,,,,0,,,,,,,,,,,,0,,,,,,,,,,,,0,,,,,,,,,,,,0,,,,,,,,,,,,0,,,,,,,,,,,,0,,,,,,,,,,,,0,,,,,,,,,,,,0,,,,,,,,,,,,0,,,,,,,,,,,,0.010000000000000231,,,,,,,,,,,,0,,,,,,,,,,,,0,,,,,,,,,,,,0,,,,,,,,,,,,0,,,,,,,,,,,,0,,,,,,,,,,,,0,,,,,,,,,,,,0,,,,,,,,,,,,0,,,,,,,,,,,,0,,,,,,,,,,,,0,,,,,,,,,,,,0,,,,,,,,,,,,0,,,,,,,,,,,,0,,,,,,,,,,,,0,,,,,,,,,,,,0,,,,,,,,,,,,0,,,,,,,,,,,,0,,,,,,,,,,,,0,,,,,,,,,,,,0,,,,,,,,,,,,0,,,,,,,,,,,,0,,,,,,,,,,,,0,,,,,,,,,,,,0,,,,,,,,,,,,0,,,,,,,,,,,,,,,
sensor.terrace_border_left_2_light_energy,device_consumption,kWh,0,,,,,,,,,,,,0.010000000000000231,,,,,,,,,,,,0,,,,,,,,,,,,0,,,,,,,,,,,,0,,,,,,,,,,,,0,,,,,,,,,,,,0,,,,,,,,,,,,0,,,,,,,,,,,,0,,,,,,,,,,,,0,,,,,,,,,,,,0,,,,,,,,,,,,0,,,,,,,,,,,,0,,,,,,,,,,,,0,,,,,,,,,,,,0,,,,,,,,,,,,0,,,,,,,,,,,,0,,,,,,,,,,,,0,,,,,,,,,,,,0,,,,,,,,,,,,0,,,,,,,,,,,,0,,,,,,,,,,,,0.009999999999999787,,,,,,,,,,,,0,,,,,,,,,,,,0,,,,,,,,,,,,0,,,,,,,,,,,,0,,,,,,,,,,,,0,,,,,,,,,,,,0,,,,,,,,,,,,0,,,,,,,,,,,,0,,,,,,,,,,,,0,,,,,,,,,,,,0,,,,,,,,,,,,0,,,,,,,,,,,,0,,,,,,,,,,,,0,,,,,,,,,,,,0,,,,,,,,,,,,0,,,,,,,,,,,,0,,,,,,,,,,,,0,,,,,,,,,,,,0,,,,,,,,,,,,0,,,,,,,,,,,,0,,,,,,,,,,,,0,,,,,,,,,,,,0,,,,,,,,,,,,0,,,,,,,,,,,,0.010000000000000231,,,,,,,,,,,,0,,,,,,,,,,,,0,,,,,,,,,,,,0,,,,,,,,,,,,0,,,,,,,,,,,,0,,,,,,,,,,,,0,,,,,,,,,,,,0,,,,,,,,,,,,0,,,,,,,,,,,,0,,,,,,,,,,,,0,,,,,,,,,,,,0,,,,,,,,,,,,0,,,,,,,,,,,,0,,,,,,,,,,,,0,,,,,,,,,,,,0,,,,,,,,,,,,0,,,,,,,,,,,,0,,,,,,,,,,,,0,,,,,,,,,,,,0,,,,,,,,,,,,0,,,,,,,,,,,,0,,,,,,,,,,,,0,,,,,,,,,,,,0,,,,,,,,,,,,0.009999999999999787,,,,,,,,,,,,,,,
sensor.terrace_border_right_light_energy,device_consumption,kWh,0,,,,,,,,,,,,0,,,,,,,,,,,,0,,,,,,,,,,,,0,,,,,,,,,,,,0,,,,,,,,,,,,0,,,,,,,,,,,,0,,,,,,,,,,,,0,,,,,,,,,,,,0,,,,,,,,,,,,0,,,,,,,,,,,,0,,,,,,,,,,,,0,,,,,,,,,,,,0,,,,,,,,,,,,0,,,,,,,,,,,,0,,,,,,,,,,,,0,,,,,,,,,,,,0,,,,,,,,,,,,0,,,,,,,,,,,,0,,,,,,,,,,,,0,,,,,,,,,,,,0,,,,,,,,,,,,0.010000000000000231,,,,,,,,,,,,0,,,,,,,,,,,,0,,,,,,,,,,,,0,,,,,,,,,,,,0,,,,,,,,,,,,0,,,,,,,,,,,,0,,,,,,,,,,,,0,,,,,,,,,,,,0,,,,,,,,,,,,0,,,,,,,,,,,,0,,,,,,,,,,,,0,,,,,,,,,,,,0,,,,,,,,,,,,0,,,,,,,,,,,,0,,,,,,,,,,,,0,,,,,,,,,,,,0,,,,,,,,,,,,0,,,,,,,,,,,,0,,,,,,,,,,,,0,,,,,,,,,,,,0,,,,,,,,,,,,0,,,,,,,,,,,,0,,,,,,,,,,,,0,,,,,,,,,,,,0.009999999999999787,,,,,,,,,,,,0,,,,,,,,,,,,0,,,,,,,,,,,,0,,,,,,,,,,,,0,,,,,,,,,,,,0,,,,,,,,,,,,0,,,,,,,,,,,,0,,,,,,,,,,,,0,,,,,,,,,,,,0,,,,,,,,,,,,0,,,,,,,,,,,,0,,,,,,,,,,,,0,,,,,,,,,,,,0,,,,,,,,,,,,0,,,,,,,,,,,,0,,,,,,,,,,,,0,,,,,,,,,,,,0,,,,,,,,,,,,0,,,,,,,,,,,,0,,,,,,,,,,,,0,,,,,,,,,,,,0,,,,,,,,,,,,0,,,,,,,,,,,,0,,,,,,,,,,,,0.010000000000000231,,,,,,,,,,,,,,,
sensor.living_room_jars_energy,device_consumption,kWh,0,,,,,,,,,,,,0,,,,,,,,,,,,0,,,,,,,,,,,,0,,,,,,,,,,,,0,,,,,,,,,,,,0,,,,,,,,,,,,0,,,,,,,,,,,,0,,,,,,,,,,,,0,,,,,,,,,,,,0,,,,,,,,,,,,0,,,,,,,,,,,,0,,,,,,,,,,,,0,,,,,,,,,,,,0,,,,,,,,,,,,0,,,,,,,,,,,,0,,,,,,,,,,,,0,,,,,,,,,,,,0,,,,,,,,,,,,0,,,,,,,,,,,,0,,,,,,,,,,,,0.009999999999999787,,,,,,,,,,,,0,,,,,,,,,,,,0,,,,,,,,,,,,0,,,,,,,,,,,,0,,,,,,,,,,,,0,,,,,,,,,,,,0,,,,,,,,,,,,0,,,,,,,,,,,,0,,,,,,,,,,,,0,,,,,,,,,,,,0,,,,,,,,,,,,0,,,,,,,,,,,,0,,,,,,,,,,,,0,,,,,,,,,,,,0,,,,,,,,,,,,0,,,,,,,,,,,,0,,,,,,,,,,,,0,,,,,,,,,,,,0,,,,,,,,,,,,0,,,,,,,,,,,,0,,,,,,,,,,,,0,,,,,,,,,,,,0,,,,,,,,,,,,0,,,,,,,,,,,,0,,,,,,,,,,,,0.010000000000000231,,,,,,,,,,,,0,,,,,,,,,,,,0,,,,,,,,,,,,0,,,,,,,,,,,,0,,,,,,,,,,,,0,,,,,,,,,,,,0,,,,,,,,,,,,0,,,,,,,,,,,,0,,,,,,,,,,,,0,,,,,,,,,,,,0,,,,,,,,,,,,0,,,,,,,,,,,,0,,,,,,,,,,,,0,,,,,,,,,,,,0,,,,,,,,,,,,0,,,,,,,,,,,,0,,,,,,,,,,,,0,,,,,,,,,,,,0,,,,,,,,,,,,0,,,,,,,,,,,,0,,,,,,,,,,,,0,,,,,,,,,,,,0,,,,,,,,,,,,0,,,,,,,,,,,,0,,,,,,,,,,,,,,,
sensor.hallway_0_ceiling_closet_energy,device_consumption,kWh,0,,,,,,,,,,,,0,,,,,,,,,,,,0,,,,,,,,,,,,0,,,,,,,,,,,,0.010000000000000009,,,,,,,,,,,,0,,,,,,,,,,,,0,,,,,,,,,,,,0,,,,,,,,,,,,0,,,,,,,,,,,,0,,,,,,,,,,,,0,,,,,,,,,,,,0,,,,,,,,,,,,0,,,,,,,,,,,,0,,,,,,,,,,,,0,,,,,,,,,,,,0,,,,,,,,,,,,0,,,,,,,,,,,,0,,,,,,,,,,,,0,,,,,,,,,,,,0,,,,,,,,,,,,0,,,,,,,,,,,,0,,,,,,,,,,,,0,,,,,,,,,,,,0,,,,,,,,,,,,0,,,,,,,,,,,,0,,,,,,,,,,,,0.010000000000000009,,,,,,,,,,,,0,,,,,,,,,,,,0,,,,,,,,,,,,0,,,,,,,,,,,,0,,,,,,,,,,,,0,,,,,,,,,,,,0,,,,,,,,,,,,0,,,,,,,,,,,,0,,,,,,,,,,,,0,,,,,,,,,,,,0,,,,,,,,,,,,0,,,,,,,,,,,,0,,,,,,,,,,,,0,,,,,,,,,,,,0,,,,,,,,,,,,0,,,,,,,,,,,,0,,,,,,,,,,,,0,,,,,,,,,,,,0,,,,,,,,,,,,0,,,,,,,,,,,,0,,,,,,,,,,,,0,,,,,,,,,,,,0,,,,,,,,,,,,0,,,,,,,,,,,,0,,,,,,,,,,,,0,,,,,,,,,,,,0.010000000000000009,,,,,,,,,,,,0,,,,,,,,,,,,0,,,,,,,,,,,,0,,,,,,,,,,,,0,,,,,,,,,,,,0,,,,,,,,,,,,0,,,,,,,,,,,,0,,,,,,,,,,,,0,,,,,,,,,,,,0,,,,,,,,,,,,0,,,,,,,,,,,,0,,,,,,,,,,,,0,,,,,,,,,,,,0,,,,,,,,,,,,0,,,,,,,,,,,,0,,,,,,,,,,,,0,,,,,,,,,,,,0,,,,,,,,,,,,,,,
sensor.hallway_0_ceiling_door_energy,device_consumption,kWh,0,,,,,,,,,,,,0,,,,,,,,,,,,0,,,,,,,,,,,,0,,,,,,,,,,,,0.010000000000000009,,,,,,,,,,,,0,,,,,,,,,,,,0,,,,,,,,,,,,0,,,,,,,,,,,,0,,,,,,,,,,,,0,,,,,,,,,,,,0,,,,,,,,,,,,0,,,,,,,,,,,,0,,,,,,,,,,,,0,,,,,,,,,,,,0,,,,,,,,,,,,0,,,,,,,,,,,,0,,,,,,,,,,,,0,,,,,,,,,,,,0,,,,,,,,,,,,0,,,,,,,,,,,,0,,,,,,,,,,,,0,,,,,,,,,,,,0,,,,,,,,,,,,0,,,,,,,,,,,,0,,,,,,,,,,,,0,,,,,,,,,,,,0.010000000000000009,,,,,,,,,,,,0,,,,,,,,,,,,0,,,,,,,,,,,,0,,,,,,,,,,,,0,,,,,,,,,,,,0,,,,,,,,,,,,0,,,,,,,,,,,,0,,,,,,,,,,,,0,,,,,,,,,,,,0,,,,,,,,,,,,0,,,,,,,,,,,,0,,,,,,,,,,,,0,,,,,,,,,,,,0,,,,,,,,,,,,0,,,,,,,,,,,,0,,,,,,,,,,,,0,,,,,,,,,,,,0,,,,,,,,,,,,0,,,,,,,,,,,,0,,,,,,,,,,,,0,,,,,,,,,,,,0,,,,,,,,,,,,0,,,,,,,,,,,,0,,,,,,,,,,,,0,,,,,,,,,,,,0.010000000000000009,,,,,,,,,,,,0,,,,,,,,,,,,0,,,,,,,,,,,,0,,,,,,,,,,,,0,,,,,,,,,,,,0,,,,,,,,,,,,0,,,,,,,,,,,,0,,,,,,,,,,,,0,,,,,,,,,,,,0,,,,,,,,,,,,0,,,,,,,,,,,,0,,,,,,,,,,,,0,,,,,,,,,,,,0,,,,,,,,,,,,0,,,,,,,,,,,,0,,,,,,,,,,,,0,,,,,,,,,,,,0,,,,,,,,,,,,0,,,,,,,,,,,,,,,
sensor.hallway_0_ceiling_stairs_energy,device_consumption,kWh,0,,,,,,,,,,,,0,,,,,,,,,,,,0,,,,,,,,,,,,0,,,,,,,,,,,,0.010000000000000009,,,,,,,,,,,,0,,,,,,,,,,,,0,,,,,,,,,,,,0,,,,,,,,,,,,0,,,,,,,,,,,,0,,,,,,,,,,,,0,,,,,,,,,,,,0,,,,,,,,,,,,0,,,,,,,,,,,,0,,,,,,,,,,,,0,,,,,,,,,,,,0,,,,,,,,,,,,0,,,,,,,,,,,,0,,,,,,,,,,,,0,,,,,,,,,,,,0,,,,,,,,,,,,0,,,,,,,,,,,,0,,,,,,,,,,,,0,,,,,,,,,,,,0,,,,,,,,,,,,0,,,,,,,,,,,,0,,,,,,,,,,,,0.010000000000000009,,,,,,,,,,,,0,,,,,,,,,,,,0,,,,,,,,,,,,0,,,,,,,,,,,,0,,,,,,,,,,,,0,,,,,,,,,,,,0,,,,,,,,,,,,0,,,,,,,,,,,,0,,,,,,,,,,,,0,,,,,,,,,,,,0,,,,,,,,,,,,0,,,,,,,,,,,,0,,,,,,,,,,,,0,,,,,,,,,,,,0,,,,,,,,,,,,0,,,,,,,,,,,,0,,,,,,,,,,,,0,,,,,,,,,,,,0,,,,,,,,,,,,0,,,,,,,,,,,,0,,,,,,,,,,,,0,,,,,,,,,,,,0,,,,,,,,,,,,0,,,,,,,,,,,,0,,,,,,,,,,,,0.010000000000000009,,,,,,,,,,,,0,,,,,,,,,,,,0,,,,,,,,,,,,0,,,,,,,,,,,,0,,,,,,,,,,,,0,,,,,,,,,,,,0,,,,,,,,,,,,0,,,,,,,,,,,,0,,,,,,,,,,,,0,,,,,,,,,,,,0,,,,,,,,,,,,0,,,,,,,,,,,,0,,,,,,,,,,,,0,,,,,,,,,,,,0,,,,,,,,,,,,0,,,,,,,,,,,,0,,,,,,,,,,,,0,,,,,,,,,,,,0,,,,,,,,,,,,,,,
sensor.hallway_0_mirror_left_energy,device_consumption,kWh,0,,,,,,,,,,,,0,,,,,,,,,,,,0,,,,,,,,,,,,0,,,,,,,,,,,,0,,,,,,,,,,,,0.009999999999999787,,,,,,,,,,,,0,,,,,,,,,,,,0,,,,,,,,,,,,0,,,,,,,,,,,,0,,,,,,,,,,,,0,,,,,,,,,,,,0,,,,,,,,,,,,0,,,,,,,,,,,,0,,,,,,,,,,,,0,,,,,,,,,,,,0,,,,,,,,,,,,0,,,,,,,,,,,,0,,,,,,,,,,,,0,,,,,,,,,,,,0,,,,,,,,,,,,0,,,,,,,,,,,,0,,,,,,,,,,,,0,,,,,,,,,,,,0,,,,,,,,,,,,0,,,,,,,,,,,,0,,,,,,,,,,,,0.010000000000000231,,,,,,,,,,,,0,,,,,,,,,,,,0,,,,,,,,,,,,0,,,,,,,,,,,,0,,,,,,,,,,,,0,,,,,,,,,,,,0,,,,,,,,,,,,0,,,,,,,,,,,,0,,,,,,,,,,,,0,,,,,,,,,,,,0,,,,,,,,,,,,0,,,,,,,,,,,,0,,,,,,,,,,,,0,,,,,,,,,,,,0,,,,,,,,,,,,0,,,,,,,,,,,,0,,,,,,,,,,,,0,,,,,,,,,,,,0,,,,,,,,,,,,0,,,,,,,,,,,,0,,,,,,,,,,,,0,,,,,,,,,,,,0,,,,,,,,,,,,0,,,,,,,,,,,,0,,,,,,,,,,,,0,,,,,,,,,,,,0.009999999999999787,,,,,,,,,,,,0,,,,,,,,,,,,0,,,,,,,,,,,,0,,,,,,,,,,,,0,,,,,,,,,,,,0,,,,,,,,,,,,0,,,,,,,,,,,,0,,,,,,,,,,,,0,,,,,,,,,,,,0,,,,,,,,,,,,0,,,,,,,,,,,,0,,,,,,,,,,,,0,,,,,,,,,,,,0,,,,,,,,,,,,0,,,,,,,,,,,,0,,,,,,,,,,,,0,,,,,,,,,,,,0,,,,,,,,,,,,,,,
sensor.hallway_0_mirror_right_energy,device_consumption,kWh,0,,,,,,,,,,,,0,,,,,,,,,,,,0,,,,,,,,,,,,0,,,,,,,,,,,,0,,,,,,,,,,,,0.010000000000000231,,,,,,,,,,,,0,,,,,,,,,,,,0,,,,,,,,,,,,0,,,,,,,,,,,,0,,,,,,,,,,,,0,,,,,,,,,,,,0,,,,,,,,,,,,0,,,,,,,,,,,,0,,,,,,,,,,,,0,,,,,,,,,,,,0,,,,,,,,,,,,0,,,,,,,,,,,,0,,,,,,,,,,,,0,,,,,,,,,,,,0,,,,,,,,,,,,0,,,,,,,,,,,,0,,,,,,,,,,,,0,,,,,,,,,,,,0,,,,,,,,,,,,0,,,,,,,,,,,,0,,,,,,,,,,,,0.009999999999999787,,,,,,,,,,,,0,,,,,,,,,,,,0,,,,,,,,,,,,0,,,,,,,,,,,,0,,,,,,,,,,,,0,,,,,,,,,,,,0,,,,,,,,,,,,0,,,,,,,,,,,,0,,,,,,,,,,,,0,,,,,,,,,,,,0,,,,,,,,,,,,0,,,,,,,,,,,,0,,,,,,,,,,,,0,,,,,,,,,,,,0,,,,,,,,,,,,0,,,,,,,,,,,,0,,,,,,,,,,,,0,,,,,,,,,,,,0,,,,,,,,,,,,0,,,,,,,,,,,,0,,,,,,,,,,,,0,,,,,,,,,,,,0,,,,,,,,,,,,0,,,,,,,,,,,,0,,,,,,,,,,,,0,,,,,,,,,,,,0.010000000000000231,,,,,,,,,,,,0,,,,,,,,,,,,0,,,,,,,,,,,,0,,,,,,,,,,,,0,,,,,,,,,,,,0,,,,,,,,,,,,0,,,,,,,,,,,,0,,,,,,,,,,,,0,,,,,,,,,,,,0,,,,,,,,,,,,0,,,,,,,,,,,,0,,,,,,,,,,,,0,,,,,,,,,,,,0,,,,,,,,,,,,0,,,,,,,,,,,,0,,,,,,,,,,,,0,,,,,,,,,,,,0,,,,,,,,,,,,,,,
sensor.office_electric_heater_energy,device_consumption,kWh,0,,,,,,,,,,,,0,,,,,,,,,,,,0,,,,,,,,,,,,0,,,,,,,,,,,,0,,,,,,,,,,,,0,,,,,,,,,,,,0,,,,,,,,,,,,0,,,,,,,,,,,,0,,,,,,,,,,,,0,,,,,,,,,,,,0,,,,,,,,,,,,0,,,,,,,,,,,,0,,,,,,,,,,,,0,,,,,,,,,,,,0,,,,,,,,,,,,0,,,,,,,,,,,,0,,,,,,,,,,,,0,,,,,,,,,,,,0,,,,,,,,,,,,0,,,,,,,,,,,,0,,,,,,,,,,,,0,,,,,,,,,,,,0,,,,,,,,,,,,0,,,,,,,,,,,,0,,,,,,,,,,,,0,,,,,,,,,,,,0,,,,,,,,,,,,0,,,,,,,,,,,,0,,,,,,,,,,,,0,,,,,,,,,,,,0,,,,,,,,,,,,0,,,,,,,,,,,,0,,,,,,,,,,,,0,,,,,,,,,,,,0,,,,,,,,,,,,0,,,,,,,,,,,,0,,,,,,,,,,,,0,,,,,,,,,,,,0,,,,,,,,,,,,0,,,,,,,,,,,,0,,,,,,,,,,,,0,,,,,,,,,,,,0,,,,,,,,,,,,0,,,,,,,,,,,,0,,,,,,,,,,,,0,,,,,,,,,,,,0,,,,,,,,,,,,0,,,,,,,,,,,,0,,,,,,,,,,,,0,,,,,,,,,,,,0,,,,,,,,,,,,0,,,,,,,,,,,,0,,,,,,,,,,,,0,,,,,,,,,,,,0,,,,,,,,,,,,0,,,,,,,,,,,,0,,,,,,,,,,,,0,,,,,,,,,,,,0,,,,,,,,,,,,0,,,,,,,,,,,,0,,,,,,,,,,,,0,,,,,,,,,,,,0,,,,,,,,,,,,0,,,,,,,,,,,,0,,,,,,,,,,,,0,,,,,,,,,,,,0,,,,,,,,,,,,0,,,,,,,,,,,,0,,,,,,,,,,,,0,,,,,,,,,,,,,,,
,calculated_consumed_grid,kWh,11.522000000000844,,,,,,,,,,,,7.600000000000364,,,,,,,,,,,,0.3209999999980937,,,,,,,,,,,,0.3429999999980282,,,,,,,,,,,,0.3469999999988431,,,,,,,,,,,,0.40099999999893043,,,,,,,,,,,,0.5829999999996289,,,,,,,,,,,,0.19400000000041473,,,,,,,,,,,,0,,,,,,,,,,,,0,,,,,,,,,,,,0,,,,,,,,,,,,0,,,,,,,,,,,,0,,,,,,,,,,,,0,,,,,,,,,,,,0,,,,,,,,,,,,0.8400000000001455,,,,,,,,,,,,0.22299999999995634,,,,,,,,,,,,0.15999999999985448,,,,,,,,,,,,0.39800000000013824,,,,,,,,,,,,0.5209999999997308,,,,,,,,,,,,1.219000000000051,,,,,,,,,,,,0.9880000000002838,,,,,,,,,,,,0.9789999999993597,,,,,,,,,,,,0.37700000000040745,,,,,,,,,,,,0.2680000000000291,,,,,,,,,,,,0.3279999999995198,,,,,,,,,,,,0.3400000000001455,,,,,,,,,,,,0.33700000000044383,,,,,,,,,,,,0.32299999999941065,,,,,,,,,,,,0.4750000000003638,,,,,,,,,,,,0.556999999999789,,,,,,,,,,,,0.4220000000004802,,,,,,,,,,,,0.11799999999948341,,,,,,,,,,,,0.32600000000002183,,,,,,,,,,,,0.03499999999985448,,,,,,,,,,,,0.032000000000152795,,,,,,,,,,,,0.020000000000436557,,,,,,,,,,,,0,,,,,,,,,,,,0.09699999999975262,,,,,,,,,,,,0.0010000000002037268,,,,,,,,,,,,0,,,,,,,,,,,,0.09900000000016007,,,,,,,,,,,,0.7349999999996726,,,,,,,,,,,,0.4080000000003565,,,,,,,,,,,,0.4420000000000073,,,,,,,,,,,,0.3459999999995489,,,,,,,,,,,,0.3540000000002692,,,,,,,,,,,,0.32999999999992724,,,,,,,,,,,,0.28799999999955617,,,,,,,,,,,,0.285000000000764,,,,,,,,,,,,0.2779999999993379,,,,,,,,,,,,0.2680000000000291,,,,,,,,,,,,0.3280000000004293,,,,,,,,,,,,0.3400000000001455,,,,,,,,,,,,0.3109999999996944,,,,,,,,,,,,0.20600000000013097,,,,,,,,,,,,0.05199999999967986,,,,,,,,,,,,0.5700000000006185,,,,,,,,,,,,0.7969999999995707,,,,,,,,,,,,0.011999999999716238,,,,,,,,,,,,0.11300000000028376,,,,,,,,,,,,0.042999999999665306,,,,,,,,,,,,0.06600000000071304,,,,,,,,,,,,1.2199999999993452,,,,,,,,,,,,1.0030000000006112,,,,,,,,,,,,0.03600000000005821,,,,,,,,,,,,0.2999999999992724,,,,,,,,,,,,0.3670000000001892,,,,,,,,,,,,0.30500000000029104,,,,,,,,,,,,0.35599999999976717,,,,,,,,,,,,,,,
,calculated_consumed_solar,kWh,0,,,,,,,,,,,,0,,,,,,,,,,,,0,,,,,,,,,,,,0,,,,,,,,,,,,0,,,,,,,,,,,,0,,,,,,,,,,,,0,,,,,,,,,,,,0.04100000000016735,,,,,,,,,,,,0,,,,,,,,,,,,0,,,,,,,,,,,,0,,,,,,,,,,,,0.2460000000000946,,,,,,,,,,,,0.3289999999999509,,,,,,,,,,,,0.19300000000009732,,,,,,,,,,,,0.25700000000006185,,,,,,,,,,,,0.6789999999999736,,,,,,,,,,,,1.9009999999999536,,,,,,,,,,,,1.2639999999997826,,,,,,,,,,,,0.06800000000009732,,,,,,,,,,,,0,,,,,,,,,,,,0,,,,,,,,,,,,0,,,,,,,,,,,,0,,,,,,,,,,,,0,,,,,,,,,,,,0,,,,,,,,,,,,0,,,,,,,,,,,,0,,,,,,,,,,,,0,,,,,,,,,,,,0,,,,,,,,,,,,0,,,,,,,,,,,,0,,,,,,,,,,,,0.10099999999999909,,,,,,,,,,,,0.5679999999999836,,,,,,,,,,,,1.6720000000002528,,,,,,,,,,,,2.971999999999639,,,,,,,,,,,,2.9270000000001346,,,,,,,,,,,,3.3799999999999955,,,,,,,,,,,,3.1499999999999773,,,,,,,,,,,,2.922000000000139,,,,,,,,,,,,2.104999999999677,,,,,,,,,,,,1.0610000000002628,,,,,,,,,,,,0.3769999999999527,,,,,,,,,,,,0.011000000000080945,,,,,,,,,,,,0,,,,,,,,,,,,0,,,,,,,,,,,,0,,,,,,,,,,,,0,,,,,,,,,,,,0,,,,,,,,,,,,0,,,,,,,,,,,,0,,,,,,,,,,,,0,,,,,,,,,,,,0,,,,,,,,,,,,0,,,,,,,,,,,,0,,,,,,,,,,,,0,,,,,,,,,,,,0.10199999999974807,,,,,,,,,,,,0.34500000000025466,,,,,,,,,,,,0.8509999999998854,,,,,,,,,,,,1.1030000000001792,,,,,,,,,,,,0.8279999999997472,,,,,,,,,,,,0.8160000000000309,,,,,,,,,,,,3.314000000000078,,,,,,,,,,,,2.1520000000001573,,,,,,,,,,,,2.1359999999998536,,,,,,,,,,,,1.0939999999999372,,,,,,,,,,,,0.3589999999999236,,,,,,,,,,,,0.024000000000228283,,,,,,,,,,,,0,,,,,,,,,,,,0,,,,,,,,,,,,0,,,,,,,,,,,,,,,
,calculated_solar_to_grid,kWh,0,,,,,,,,,,,,0,,,,,,,,,,,,0,,,,,,,,,,,,0,,,,,,,,,,,,0,,,,,,,,,,,,0,,,,,,,,,,,,0,,,,,,,,,,,,0.05199999999990723,,,,,,,,,,,,0.8300000000000409,,,,,,,,,,,,3.1409999999999627,,,,,,,,,,,,4.215000000000032,,,,,,,,,,,,4.208999999999833,,,,,,,,,,,,3.8320000000001073,,,,,,,,,,,,3.589999999999918,,,,,,,,,,,,3.1849999999999454,,,,,,,,,,,,2.336999999999989,,,,,,,,,,,,0.48099999999999454,,,,,,,,,,,,0.07900000000017826,,,,,,,,,,,,0,,,,,,,,,,,,0,,,,,,,,,,,,0,,,,,,,,,,,,0,,,,,,,,,,,,0,,,,,,,,,,,,0,,,,,,,,,,,,0,,,,,,,,,,,,0,,,,,,,,,,,,0,,,,,,,,,,,,0,,,,,,,,,,,,0,,,,,,,,,,,,0,,,,,,,,,,,,0,,,,,,,,,,,,0,,,,,,,,,,,,0.2980000000000018,,,,,,,,,,,,0.6899999999998272,,,,,,,,,,,,0.3220000000001164,,,,,,,,,,,,0.6269999999999527,,,,,,,,,,,,0.34400000000005093,,,,,,,,,,,,0.27899999999999636,,,,,,,,,,,,0.16799999999989268,,,,,,,,,,,,0.36800000000016553,,,,,,,,,,,,0.5729999999998654,,,,,,,,,,,,0.08100000000013097,,,,,,,,,,,,0,,,,,,,,,,,,0,,,,,,,,,,,,0,,,,,,,,,,,,0,,,,,,,,,,,,0,,,,,,,,,,,,0,,,,,,,,,,,,0,,,,,,,,,,,,0,,,,,,,,,,,,0,,,,,,,,,,,,0,,,,,,,,,,,,0,,,,,,,,,,,,0,,,,,,,,,,,,0,,,,,,,,,,,,0,,,,,,,,,,,,0.11799999999993815,,,,,,,,,,,,0.27700000000004366,,,,,,,,,,,,0.5149999999998727,,,,,,,,,,,,1.73700000000008,,,,,,,,,,,,2.644999999999982,,,,,,,,,,,,0.3990000000001146,,,,,,,,,,,,0.6709999999998217,,,,,,,,,,,,0.1790000000000873,,,,,,,,,,,,0.2239999999999327,,,,,,,,,,,,0.10100000000011278,,,,,,,,,,,,0,,,,,,,,,,,,0,,,,,,,,,,,,0,,,,,,,,,,,,0,,,,,,,,,,,,,,,
,calculated_total_consumption,kWh,11.522000000000844,,,,,,,,,,,,7.600000000000364,,,,,,,,,,,,0.3209999999980937,,,,,,,,,,,,0.3429999999980282,,,,,,,,,,,,0.3469999999988431,,,,,,,,,,,,0.40099999999893043,,,,,,,,,,,,0.5829999999996289,,,,,,,,,,,,0.23500000000058208,,,,,,,,,,,,-0.08599999999989905,,,,,,,,,,,,-0.12900000000024647,,,,,,,,,,,,-0.03499999999996817,,,,,,,,,,,,0.2460000000000946,,,,,,,,,,,,0.3289999999999509,,,,,,,,,,,,0.19300000000009732,,,,,,,,,,,,0.25700000000006185,,,,,,,,,,,,1.5190000000001191,,,,,,,,,,,,2.12399999999991,,,,,,,,,,,,1.4239999999996371,,,,,,,,,,,,0.46600000000023556,,,,,,,,,,,,0.5209999999997308,,,,,,,,,,,,1.219000000000051,,,,,,,,,,,,0.9880000000002838,,,,,,,,,,,,0.9789999999993597,,,,,,,,,,,,0.37700000000040745,,,,,,,,,,,,0.2680000000000291,,,,,,,,,,,,0.3279999999995198,,,,,,,,,,,,0.3400000000001455,,,,,,,,,,,,0.33700000000044383,,,,,,,,,,,,0.32299999999941065,,,,,,,,,,,,0.4750000000003638,,,,,,,,,,,,0.556999999999789,,,,,,,,,,,,0.5230000000004793,,,,,,,,,,,,0.685999999999467,,,,,,,,,,,,1.9980000000002747,,,,,,,,,,,,3.0069999999994934,,,,,,,,,,,,2.9590000000002874,,,,,,,,,,,,3.400000000000432,,,,,,,,,,,,3.1499999999999773,,,,,,,,,,,,3.0189999999998918,,,,,,,,,,,,2.105999999999881,,,,,,,,,,,,1.0610000000002628,,,,,,,,,,,,0.4760000000001128,,,,,,,,,,,,0.7459999999997535,,,,,,,,,,,,0.4080000000003565,,,,,,,,,,,,0.4420000000000073,,,,,,,,,,,,0.3459999999995489,,,,,,,,,,,,0.3540000000002692,,,,,,,,,,,,0.32999999999992724,,,,,,,,,,,,0.28799999999955617,,,,,,,,,,,,0.285000000000764,,,,,,,,,,,,0.2779999999993379,,,,,,,,,,,,0.2680000000000291,,,,,,,,,,,,0.3280000000004293,,,,,,,,,,,,0.3400000000001455,,,,,,,,,,,,0.3109999999996944,,,,,,,,,,,,0.30799999999987904,,,,,,,,,,,,0.3969999999999345,,,,,,,,,,,,1.4210000000005039,,,,,,,,,,,,1.8999999999997499,,,,,,,,,,,,0.8399999999994634,,,,,,,,,,,,0.9290000000003147,,,,,,,,,,,,3.3569999999997435,,,,,,,,,,,,2.2180000000008704,,,,,,,,,,,,3.3559999999991987,,,,,,,,,,,,2.0970000000005484,,,,,,,,,,,,0.3949999999999818,,,,,,,,,,,,0.3239999999995007,,,,,,,,,,,,0.3670000000001892,,,,,,,,,,,,0.30500000000029104,,,,,,,,,,,,0.35599999999976717,,,,,,,,,,,,,,,
