entity_id,state,last_changed
sensor.energy_grid_electricity_meter_power_consumption_electricity_meter_power_production_net_power,-55.0,2026-03-08T12:40:00.000Z
sensor.energy_grid_electricity_meter_power_consumption_electricity_meter_power_production_net_power,-44.0,2026-03-08T12:40:03.303Z
sensor.energy_grid_electricity_meter_power_consumption_electricity_meter_power_production_net_power,-59.0,2026-03-08T12:40:34.308Z
sensor.energy_grid_electricity_meter_power_consumption_electricity_meter_power_production_net_power,-86.0,2026-03-08T12:41:35.313Z
sensor.energy_grid_electricity_meter_power_consumption_electricity_meter_power_production_net_power,-49.0,2026-03-08T12:42:06.308Z
sensor.energy_grid_electricity_meter_power_consumption_electricity_meter_power_production_net_power,-10.9999999999999,2026-03-08T12:42:37.314Z
sensor.energy_grid_electricity_meter_power_consumption_electricity_meter_power_production_net_power,-20.9999999999999,2026-03-08T12:43:08.315Z
sensor.energy_grid_electricity_meter_power_consumption_electricity_meter_power_production_net_power,-52.9999999999999,2026-03-08T12:43:39.304Z
sensor.energy_grid_electricity_meter_power_consumption_electricity_meter_power_production_net_power,-49.0,2026-03-08T12:44:10.297Z
sensor.energy_grid_electricity_meter_power_consumption_electricity_meter_power_production_net_power,-47.0,2026-03-08T12:44:40.321Z
sensor.energy_grid_electricity_meter_power_consumption_electricity_meter_power_production_net_power,-35.0,2026-03-08T12:45:11.295Z
sensor.energy_grid_electricity_meter_power_consumption_electricity_meter_power_production_net_power,984.0,2026-03-08T12:45:41.319Z
sensor.energy_grid_electricity_meter_power_consumption_electricity_meter_power_production_net_power,285.0,2026-03-08T12:46:12.324Z
sensor.energy_grid_electricity_meter_power_consumption_electricity_meter_power_production_net_power,264.0,2026-03-08T12:46:43.303Z
sensor.energy_grid_electricity_meter_power_consumption_electricity_meter_power_production_net_power,-1161.0,2026-03-08T12:47:14.301Z
sensor.energy_grid_electricity_meter_power_consumption_electricity_meter_power_production_net_power,-1186.0,2026-03-08T12:47:44.316Z
sensor.energy_grid_electricity_meter_power_consumption_electricity_meter_power_production_net_power,-1180.0,2026-03-08T12:48:15.312Z
sensor.energy_grid_electricity_meter_power_consumption_electricity_meter_power_production_net_power,-2111.0,2026-03-08T12:48:46.303Z
sensor.energy_grid_electricity_meter_power_consumption_electricity_meter_power_production_net_power,-2131.0,2026-03-08T12:49:16.309Z
sensor.energy_grid_electricity_meter_power_consumption_electricity_meter_power_production_net_power,90.9999999999999,2026-03-08T12:49:47.319Z
sensor.energy_grid_electricity_meter_power_consumption_electricity_meter_power_production_net_power,152.0,2026-03-08T12:50:18.306Z
sensor.energy_grid_electricity_meter_power_consumption_electricity_meter_power_production_net_power,867.0,2026-03-08T12:50:49.307Z
sensor.energy_grid_electricity_meter_power_consumption_electricity_meter_power_production_net_power,866.0,2026-03-08T12:51:20.301Z
sensor.energy_grid_electricity_meter_power_consumption_electricity_meter_power_production_net_power,124.0,2026-03-08T12:51:50.315Z
sensor.energy_grid_electricity_meter_power_consumption_electricity_meter_power_production_net_power,118.0,2026-03-08T12:52:20.322Z
sensor.energy_grid_electricity_meter_power_consumption_electricity_meter_power_production_net_power,144.0,2026-03-08T12:52:51.306Z
sensor.energy_grid_electricity_meter_power_consumption_electricity_meter_power_production_net_power,131.0,2026-03-08T12:53:21.316Z
sensor.energy_grid_electricity_meter_power_consumption_electricity_meter_power_production_net_power,170.0,2026-03-08T12:53:52.314Z
sensor.energy_grid_electricity_meter_power_consumption_electricity_meter_power_production_net_power,199.0,2026-03-08T12:54:22.353Z
sensor.adaptivecharge_stormbreaker_net_surplus_excl_ev,3604.7,2026-03-08T12:40:00.000Z
sensor.adaptivecharge_stormbreaker_net_surplus_excl_ev,3592.5,2026-03-08T12:40:07.170Z
sensor.adaptivecharge_stormbreaker_net_surplus_excl_ev,3599.9,2026-03-08T12:40:17.172Z
sensor.adaptivecharge_stormbreaker_net_surplus_excl_ev,3601.1,2026-03-08T12:40:27.173Z
sensor.adaptivecharge_stormbreaker_net_surplus_excl_ev,3613.8,2026-03-08T12:40:37.174Z
sensor.adaptivecharge_stormbreaker_net_surplus_excl_ev,3610.4,2026-03-08T12:40:47.175Z
sensor.adaptivecharge_stormbreaker_net_surplus_excl_ev,3626.3,2026-03-08T12:40:57.176Z
sensor.adaptivecharge_stormbreaker_net_surplus_excl_ev,3616.1,2026-03-08T12:41:07.177Z
sensor.adaptivecharge_stormbreaker_net_surplus_excl_ev,3596.3,2026-03-08T12:41:17.177Z
sensor.adaptivecharge_stormbreaker_net_surplus_excl_ev,3602.5,2026-03-08T12:41:27.178Z
sensor.adaptivecharge_stormbreaker_net_surplus_excl_ev,3593.1,2026-03-08T12:41:37.179Z
sensor.adaptivecharge_stormbreaker_net_surplus_excl_ev,3595.0,2026-03-08T12:41:47.178Z
sensor.adaptivecharge_stormbreaker_net_surplus_excl_ev,3602.4,2026-03-08T12:41:57.180Z
sensor.adaptivecharge_stormbreaker_net_surplus_excl_ev,3614.6,2026-03-08T12:42:07.180Z
sensor.adaptivecharge_stormbreaker_net_surplus_excl_ev,3588.1,2026-03-08T12:42:17.180Z
sensor.adaptivecharge_stormbreaker_net_surplus_excl_ev,3593.9,2026-03-08T12:42:27.181Z
sensor.adaptivecharge_stormbreaker_net_surplus_excl_ev,3606.1,2026-03-08T12:42:37.183Z
sensor.adaptivecharge_stormbreaker_net_surplus_excl_ev,3604.6,2026-03-08T12:42:47.183Z
sensor.adaptivecharge_stormbreaker_net_surplus_excl_ev,3596.3,2026-03-08T12:42:57.184Z
sensor.adaptivecharge_stormbreaker_net_surplus_excl_ev,3602.7,2026-03-08T12:43:07.185Z
sensor.adaptivecharge_stormbreaker_net_surplus_excl_ev,3611.2,2026-03-08T12:43:17.185Z
sensor.adaptivecharge_stormbreaker_net_surplus_excl_ev,3634.0,2026-03-08T12:43:27.187Z
sensor.adaptivecharge_stormbreaker_net_surplus_excl_ev,3619.1,2026-03-08T12:43:37.189Z
sensor.adaptivecharge_stormbreaker_net_surplus_excl_ev,3606.6,2026-03-08T12:43:47.190Z
sensor.adaptivecharge_stormbreaker_net_surplus_excl_ev,3610.0,2026-03-08T12:43:57.191Z
sensor.adaptivecharge_stormbreaker_net_surplus_excl_ev,3615.8,2026-03-08T12:44:07.191Z
sensor.adaptivecharge_stormbreaker_net_surplus_excl_ev,3591.1,2026-03-08T12:44:17.192Z
sensor.adaptivecharge_stormbreaker_net_surplus_excl_ev,3599.0,2026-03-08T12:44:27.193Z
sensor.adaptivecharge_stormbreaker_net_surplus_excl_ev,3603.1,2026-03-08T12:44:37.195Z
sensor.adaptivecharge_stormbreaker_net_surplus_excl_ev,3589.9,2026-03-08T12:44:47.196Z
sensor.adaptivecharge_stormbreaker_net_surplus_excl_ev,3586.4,2026-03-08T12:44:57.196Z
sensor.adaptivecharge_stormbreaker_net_surplus_excl_ev,3576.0,2026-03-08T12:45:07.202Z
sensor.adaptivecharge_stormbreaker_net_surplus_excl_ev,3609.3,2026-03-08T12:45:17.203Z
sensor.adaptivecharge_stormbreaker_net_surplus_excl_ev,2813.0,2026-03-08T12:45:27.357Z
sensor.adaptivecharge_stormbreaker_net_surplus_excl_ev,2811.0,2026-03-08T12:45:37.205Z
sensor.adaptivecharge_stormbreaker_net_surplus_excl_ev,2794.4,2026-03-08T12:45:53.759Z
sensor.adaptivecharge_stormbreaker_net_surplus_excl_ev,2091.1,2026-03-08T12:45:57.359Z
sensor.adaptivecharge_stormbreaker_net_surplus_excl_ev,2097.6,2026-03-08T12:46:07.207Z
sensor.adaptivecharge_stormbreaker_net_surplus_excl_ev,2090.4,2026-03-08T12:46:17.208Z
sensor.adaptivecharge_stormbreaker_net_surplus_excl_ev,2566.8,2026-03-08T12:46:27.358Z
sensor.adaptivecharge_stormbreaker_net_surplus_excl_ev,2567.0,2026-03-08T12:46:37.366Z
sensor.adaptivecharge_stormbreaker_net_surplus_excl_ev,2564.5,2026-03-08T12:46:47.211Z
sensor.adaptivecharge_stormbreaker_net_surplus_excl_ev,2551.6,2026-03-08T12:46:57.212Z
sensor.adaptivecharge_stormbreaker_net_surplus_excl_ev,2545.8,2026-03-08T12:47:13.559Z
sensor.adaptivecharge_stormbreaker_net_surplus_excl_ev,1144.5,2026-03-08T12:47:17.214Z
sensor.adaptivecharge_stormbreaker_net_surplus_excl_ev,2630.6,2026-03-08T12:47:27.368Z
sensor.adaptivecharge_stormbreaker_net_surplus_excl_ev,2626.3,2026-03-08T12:47:37.216Z
sensor.adaptivecharge_stormbreaker_net_surplus_excl_ev,2621.0,2026-03-08T12:47:47.402Z
sensor.adaptivecharge_stormbreaker_net_surplus_excl_ev,2630.9,2026-03-08T12:47:57.217Z
sensor.adaptivecharge_stormbreaker_net_surplus_excl_ev,2632.7,2026-03-08T12:48:07.218Z
sensor.adaptivecharge_stormbreaker_net_surplus_excl_ev,2631.2,2026-03-08T12:48:17.219Z
sensor.adaptivecharge_stormbreaker_net_surplus_excl_ev,2841.2,2026-03-08T12:48:27.219Z
sensor.adaptivecharge_stormbreaker_net_surplus_excl_ev,2839.8,2026-03-08T12:48:37.220Z
sensor.adaptivecharge_stormbreaker_net_surplus_excl_ev,2852.0,2026-03-08T12:48:47.221Z
sensor.adaptivecharge_stormbreaker_net_surplus_excl_ev,2848.4,2026-03-08T12:48:57.222Z
sensor.adaptivecharge_stormbreaker_net_surplus_excl_ev,2845.9,2026-03-08T12:49:17.224Z
sensor.adaptivecharge_stormbreaker_net_surplus_excl_ev,3547.5,2026-03-08T12:49:29.260Z
sensor.adaptivecharge_stormbreaker_net_surplus_excl_ev,5664.6,2026-03-08T12:49:37.225Z
sensor.adaptivecharge_stormbreaker_net_surplus_excl_ev,5690.2,2026-03-08T12:49:47.229Z
sensor.adaptivecharge_stormbreaker_net_surplus_excl_ev,5683.1,2026-03-08T12:49:57.389Z
sensor.adaptivecharge_stormbreaker_net_surplus_excl_ev,5652.5,2026-03-08T12:50:07.232Z
sensor.adaptivecharge_stormbreaker_net_surplus_excl_ev,5647.0,2026-03-08T12:50:17.386Z
sensor.adaptivecharge_stormbreaker_net_surplus_excl_ev,5654.6,2026-03-08T12:50:27.234Z
sensor.adaptivecharge_stormbreaker_net_surplus_excl_ev,3403.6,2026-03-08T12:50:39.492Z
sensor.adaptivecharge_stormbreaker_net_surplus_excl_ev,4136.6,2026-03-08T12:50:47.234Z
sensor.adaptivecharge_stormbreaker_net_surplus_excl_ev,4116.8,2026-03-08T12:50:57.236Z
sensor.adaptivecharge_stormbreaker_net_surplus_excl_ev,4096.5,2026-03-08T12:51:07.237Z
sensor.adaptivecharge_stormbreaker_net_surplus_excl_ev,4131.1,2026-03-08T12:51:17.238Z
sensor.adaptivecharge_stormbreaker_net_surplus_excl_ev,4119.5,2026-03-08T12:51:27.239Z
sensor.adaptivecharge_stormbreaker_net_surplus_excl_ev,3396.4,2026-03-08T12:51:39.539Z
sensor.adaptivecharge_stormbreaker_net_surplus_excl_ev,2679.5,2026-03-08T12:51:47.394Z
sensor.adaptivecharge_stormbreaker_net_surplus_excl_ev,2673.0,2026-03-08T12:51:57.241Z
sensor.adaptivecharge_stormbreaker_net_surplus_excl_ev,2668.5,2026-03-08T12:52:07.242Z
sensor.adaptivecharge_stormbreaker_net_surplus_excl_ev,2661.5,2026-03-08T12:52:17.244Z
sensor.adaptivecharge_stormbreaker_net_surplus_excl_ev,2686.6,2026-03-08T12:52:27.246Z
sensor.adaptivecharge_stormbreaker_net_surplus_excl_ev,3421.4,2026-03-08T12:52:37.398Z
sensor.adaptivecharge_stormbreaker_net_surplus_excl_ev,3407.9,2026-03-08T12:52:47.247Z
sensor.adaptivecharge_stormbreaker_net_surplus_excl_ev,3405.1,2026-03-08T12:52:57.248Z
sensor.adaptivecharge_stormbreaker_net_surplus_excl_ev,3402.7,2026-03-08T12:53:07.248Z
sensor.adaptivecharge_stormbreaker_net_surplus_excl_ev,3399.2,2026-03-08T12:53:17.250Z
sensor.adaptivecharge_stormbreaker_net_surplus_excl_ev,3388.3,2026-03-08T12:53:27.250Z
sensor.adaptivecharge_stormbreaker_net_surplus_excl_ev,3397.3,2026-03-08T12:53:37.251Z
sensor.adaptivecharge_stormbreaker_net_surplus_excl_ev,3370.2,2026-03-08T12:53:47.253Z
sensor.adaptivecharge_stormbreaker_net_surplus_excl_ev,3366.8,2026-03-08T12:53:57.253Z
sensor.adaptivecharge_stormbreaker_net_surplus_excl_ev,3363.6,2026-03-08T12:54:07.254Z
sensor.adaptivecharge_stormbreaker_net_surplus_excl_ev,3370.5,2026-03-08T12:54:17.255Z
number.stormbreaker_tessie_charge_current,5,2026-03-08T12:40:00.000Z
number.stormbreaker_tessie_charge_current,5.0,2026-03-08T12:45:27.356Z
number.stormbreaker_tessie_charge_current,5,2026-03-08T12:45:29.286Z
number.stormbreaker_tessie_charge_current,4.0,2026-03-08T12:45:53.758Z
number.stormbreaker_tessie_charge_current,3.0,2026-03-08T12:45:57.358Z
number.stormbreaker_tessie_charge_current,4,2026-03-08T12:45:59.288Z
number.stormbreaker_tessie_charge_current,4.0,2026-03-08T12:46:27.357Z
number.stormbreaker_tessie_charge_current,4,2026-03-08T12:46:29.286Z
number.stormbreaker_tessie_charge_current,3.0,2026-03-08T12:46:37.365Z
number.stormbreaker_tessie_charge_current,4,2026-03-08T12:46:39.281Z
number.stormbreaker_tessie_charge_current,2.0,2026-03-08T12:47:13.558Z
number.stormbreaker_tessie_charge_current,2,2026-03-08T12:47:19.438Z
number.stormbreaker_tessie_charge_current,3.0,2026-03-08T12:47:27.367Z
number.stormbreaker_tessie_charge_current,2,2026-03-08T12:47:29.290Z
number.stormbreaker_tessie_charge_current,4.0,2026-03-08T12:47:47.401Z
number.stormbreaker_tessie_charge_current,2,2026-03-08T12:47:49.280Z
number.stormbreaker_tessie_charge_current,5.0,2026-03-08T12:49:29.259Z
number.stormbreaker_tessie_charge_current,2,2026-03-08T12:49:29.302Z
number.stormbreaker_tessie_charge_current,5,2026-03-08T12:49:39.282Z
number.stormbreaker_tessie_charge_current,6.0,2026-03-08T12:49:57.388Z
number.stormbreaker_tessie_charge_current,5,2026-03-08T12:49:59.298Z
number.stormbreaker_tessie_charge_current,7.0,2026-03-08T12:50:17.385Z
number.stormbreaker_tessie_charge_current,5,2026-03-08T12:50:19.287Z
number.stormbreaker_tessie_charge_current,6.0,2026-03-08T12:50:39.491Z
number.stormbreaker_tessie_charge_current,6,2026-03-08T12:50:49.291Z
number.stormbreaker_tessie_charge_current,5.0,2026-03-08T12:51:39.538Z
number.stormbreaker_tessie_charge_current,4.0,2026-03-08T12:51:47.393Z
number.stormbreaker_tessie_charge_current,5,2026-03-08T12:51:49.276Z
number.stormbreaker_tessie_charge_current,5.0,2026-03-08T12:52:37.396Z
number.stormbreaker_tessie_charge_current,5,2026-03-08T12:52:39.280Z
sensor.adaptivecharge_stormbreaker_current_setting,6,2026-03-08T12:40:00.000Z
sensor.adaptivecharge_stormbreaker_current_setting,5,2026-03-08T12:45:27.358Z
sensor.adaptivecharge_stormbreaker_current_setting,4,2026-03-08T12:45:53.760Z
sensor.adaptivecharge_stormbreaker_current_setting,3,2026-03-08T12:45:57.360Z
sensor.adaptivecharge_stormbreaker_current_setting,4,2026-03-08T12:46:27.360Z
sensor.adaptivecharge_stormbreaker_current_setting,3,2026-03-08T12:46:37.368Z
sensor.adaptivecharge_stormbreaker_current_setting,2,2026-03-08T12:47:13.560Z
sensor.adaptivecharge_stormbreaker_current_setting,3,2026-03-08T12:47:27.370Z
sensor.adaptivecharge_stormbreaker_current_setting,4,2026-03-08T12:47:47.403Z
sensor.adaptivecharge_stormbreaker_current_setting,5,2026-03-08T12:49:29.262Z
sensor.adaptivecharge_stormbreaker_current_setting,6,2026-03-08T12:49:57.389Z
sensor.adaptivecharge_stormbreaker_current_setting,7,2026-03-08T12:50:17.387Z
sensor.adaptivecharge_stormbreaker_current_setting,6,2026-03-08T12:50:39.494Z
sensor.adaptivecharge_stormbreaker_current_setting,5,2026-03-08T12:51:39.541Z
sensor.adaptivecharge_stormbreaker_current_setting,4,2026-03-08T12:51:47.396Z
sensor.adaptivecharge_stormbreaker_current_setting,5,2026-03-08T12:52:37.399Z
sensor.adaptivecharge_stormbreaker_available_current_decision,5.15,2026-03-08T12:40:00.000Z
sensor.adaptivecharge_stormbreaker_available_current_decision,5.13,2026-03-08T12:40:07.171Z
sensor.adaptivecharge_stormbreaker_available_current_decision,5.14,2026-03-08T12:40:17.173Z
sensor.adaptivecharge_stormbreaker_available_current_decision,5.15,2026-03-08T12:40:27.175Z
sensor.adaptivecharge_stormbreaker_available_current_decision,5.16,2026-03-08T12:40:37.176Z
sensor.adaptivecharge_stormbreaker_available_current_decision,5.17,2026-03-08T12:40:57.178Z
sensor.adaptivecharge_stormbreaker_available_current_decision,5.16,2026-03-08T12:41:07.178Z
sensor.adaptivecharge_stormbreaker_available_current_decision,5.14,2026-03-08T12:41:17.178Z
sensor.adaptivecharge_stormbreaker_available_current_decision,5.13,2026-03-08T12:41:37.180Z
sensor.adaptivecharge_stormbreaker_available_current_decision,5.14,2026-03-08T12:41:57.181Z
sensor.adaptivecharge_stormbreaker_available_current_decision,5.17,2026-03-08T12:42:07.181Z
sensor.adaptivecharge_stormbreaker_available_current_decision,5.13,2026-03-08T12:42:17.181Z
sensor.adaptivecharge_stormbreaker_available_current_decision,5.15,2026-03-08T12:42:27.183Z
sensor.adaptivecharge_stormbreaker_available_current_decision,5.14,2026-03-08T12:42:57.184Z
sensor.adaptivecharge_stormbreaker_available_current_decision,5.15,2026-03-08T12:43:17.186Z
sensor.adaptivecharge_stormbreaker_available_current_decision,5.18,2026-03-08T12:43:27.189Z
sensor.adaptivecharge_stormbreaker_available_current_decision,5.15,2026-03-08T12:43:37.190Z
sensor.adaptivecharge_stormbreaker_available_current_decision,5.13,2026-03-08T12:44:17.194Z
sensor.adaptivecharge_stormbreaker_available_current_decision,5.12,2026-03-08T12:44:47.198Z
sensor.adaptivecharge_stormbreaker_available_current_decision,5.11,2026-03-08T12:44:57.198Z
sensor.adaptivecharge_stormbreaker_available_current_decision,5.15,2026-03-08T12:45:17.205Z
sensor.adaptivecharge_stormbreaker_available_current_decision,4.01,2026-03-08T12:45:27.358Z
sensor.adaptivecharge_stormbreaker_available_current_decision,3.99,2026-03-08T12:45:53.760Z
sensor.adaptivecharge_stormbreaker_available_current_decision,2.98,2026-03-08T12:45:57.360Z
sensor.adaptivecharge_stormbreaker_available_current_decision,2.99,2026-03-08T12:46:07.209Z
sensor.adaptivecharge_stormbreaker_available_current_decision,3.66,2026-03-08T12:46:27.360Z
sensor.adaptivecharge_stormbreaker_available_current_decision,3.63,2026-03-08T12:46:57.214Z
sensor.adaptivecharge_stormbreaker_available_current_decision,1.63,2026-03-08T12:47:17.216Z
sensor.adaptivecharge_stormbreaker_available_current_decision,3.75,2026-03-08T12:47:27.370Z
sensor.adaptivecharge_stormbreaker_available_current_decision,3.74,2026-03-08T12:47:37.218Z
sensor.adaptivecharge_stormbreaker_available_current_decision,3.73,2026-03-08T12:47:47.404Z
sensor.adaptivecharge_stormbreaker_available_current_decision,3.74,2026-03-08T12:47:57.219Z
sensor.adaptivecharge_stormbreaker_available_current_decision,3.75,2026-03-08T12:48:07.220Z
sensor.adaptivecharge_stormbreaker_available_current_decision,4.04,2026-03-08T12:48:27.221Z
sensor.adaptivecharge_stormbreaker_available_current_decision,4.06,2026-03-08T12:48:47.223Z
sensor.adaptivecharge_stormbreaker_available_current_decision,4.05,2026-03-08T12:49:07.223Z
sensor.adaptivecharge_stormbreaker_available_current_decision,5.06,2026-03-08T12:49:29.262Z
sensor.adaptivecharge_stormbreaker_available_current_decision,8.09,2026-03-08T12:49:37.226Z
sensor.adaptivecharge_stormbreaker_available_current_decision,8.12,2026-03-08T12:49:47.230Z
sensor.adaptivecharge_stormbreaker_available_current_decision,8.08,2026-03-08T12:50:07.233Z
sensor.adaptivecharge_stormbreaker_available_current_decision,8.09,2026-03-08T12:50:27.235Z
sensor.adaptivecharge_stormbreaker_available_current_decision,4.87,2026-03-08T12:50:39.494Z
sensor.adaptivecharge_stormbreaker_available_current_decision,5.91,2026-03-08T12:50:47.236Z
sensor.adaptivecharge_stormbreaker_available_current_decision,5.89,2026-03-08T12:50:57.237Z
sensor.adaptivecharge_stormbreaker_available_current_decision,5.86,2026-03-08T12:51:07.238Z
sensor.adaptivecharge_stormbreaker_available_current_decision,5.91,2026-03-08T12:51:17.240Z
sensor.adaptivecharge_stormbreaker_available_current_decision,5.9,2026-03-08T12:51:27.240Z
sensor.adaptivecharge_stormbreaker_available_current_decision,4.86,2026-03-08T12:51:39.541Z
sensor.adaptivecharge_stormbreaker_available_current_decision,3.83,2026-03-08T12:51:47.396Z
sensor.adaptivecharge_stormbreaker_available_current_decision,3.82,2026-03-08T12:51:57.243Z
sensor.adaptivecharge_stormbreaker_available_current_decision,3.81,2026-03-08T12:52:07.243Z
sensor.adaptivecharge_stormbreaker_available_current_decision,3.8,2026-03-08T12:52:17.246Z
sensor.adaptivecharge_stormbreaker_available_current_decision,3.84,2026-03-08T12:52:27.247Z
sensor.adaptivecharge_stormbreaker_available_current_decision,4.89,2026-03-08T12:52:37.399Z
sensor.adaptivecharge_stormbreaker_available_current_decision,4.87,2026-03-08T12:52:47.249Z
sensor.adaptivecharge_stormbreaker_available_current_decision,4.86,2026-03-08T12:53:07.250Z
sensor.adaptivecharge_stormbreaker_available_current_decision,4.85,2026-03-08T12:53:27.252Z
sensor.adaptivecharge_stormbreaker_available_current_decision,4.86,2026-03-08T12:53:37.253Z
sensor.adaptivecharge_stormbreaker_available_current_decision,4.82,2026-03-08T12:53:47.255Z
sensor.adaptivecharge_stormbreaker_available_current_decision,4.81,2026-03-08T12:54:07.256Z
sensor.adaptivecharge_stormbreaker_available_current_decision,4.83,2026-03-08T12:54:17.256Z
sensor.envoy_122252032811_balanced_net_power_consumption,-0.052,2026-03-08T12:40:00.000Z
sensor.envoy_122252032811_balanced_net_power_consumption,-0.07,2026-03-08T12:40:08.716Z
sensor.envoy_122252032811_balanced_net_power_consumption,-0.069,2026-03-08T12:41:09.838Z
sensor.envoy_122252032811_balanced_net_power_consumption,-0.054,2026-03-08T12:42:11.620Z
sensor.envoy_122252032811_balanced_net_power_consumption,-0.076,2026-03-08T12:43:14.304Z
sensor.envoy_122252032811_balanced_net_power_consumption,-0.059,2026-03-08T12:44:16.066Z
sensor.envoy_122252032811_balanced_net_power_consumption,0.741,2026-03-08T12:45:17.926Z
sensor.envoy_122252032811_balanced_net_power_consumption,0.28,2026-03-08T12:46:20.030Z
sensor.envoy_122252032811_balanced_net_power_consumption,-1.204,2026-03-08T12:47:21.718Z
sensor.envoy_122252032811_balanced_net_power_consumption,-1.42,2026-03-08T12:48:23.967Z
sensor.envoy_122252032811_balanced_net_power_consumption,-2.132,2026-03-08T12:49:26.172Z
sensor.envoy_122252032811_balanced_net_power_consumption,0.128,2026-03-08T12:50:28.640Z
sensor.envoy_122252032811_balanced_net_power_consumption,0.858,2026-03-08T12:51:29.756Z
sensor.envoy_122252032811_balanced_net_power_consumption,0.135,2026-03-08T12:52:36.260Z
sensor.envoy_122252032811_balanced_net_power_consumption,0.156,2026-03-08T12:53:37.907Z
sensor.car_charger_enphase_power,3.55269,2026-03-08T12:40:00.000Z
sensor.car_charger_enphase_power,3.55152,2026-03-08T12:40:00.338Z
sensor.car_charger_enphase_power,3.540481,2026-03-08T12:40:05.345Z
sensor.car_charger_enphase_power,3.535465,2026-03-08T12:40:10.342Z
sensor.car_charger_enphase_power,3.52991,2026-03-08T12:40:15.368Z
sensor.car_charger_enphase_power,3.520393,2026-03-08T12:40:20.367Z
sensor.car_charger_enphase_power,3.531127,2026-03-08T12:40:25.336Z
sensor.car_charger_enphase_power,3.541008,2026-03-08T12:40:30.362Z
sensor.car_charger_enphase_power,3.543798,2026-03-08T12:40:35.351Z
sensor.car_charger_enphase_power,3.548946,2026-03-08T12:40:40.375Z
sensor.car_charger_enphase_power,3.540397,2026-03-08T12:40:45.354Z
sensor.car_charger_enphase_power,3.542799,2026-03-08T12:40:50.319Z
sensor.car_charger_enphase_power,3.556291,2026-03-08T12:40:55.350Z
sensor.car_charger_enphase_power,3.554665,2026-03-08T12:41:00.370Z
sensor.car_charger_enphase_power,3.546052,2026-03-08T12:41:05.352Z
sensor.car_charger_enphase_power,3.536585,2026-03-08T12:41:10.363Z
sensor.car_charger_enphase_power,3.52734,2026-03-08T12:41:15.358Z
sensor.car_charger_enphase_power,3.527383,2026-03-08T12:41:20.332Z
sensor.car_charger_enphase_power,3.533511,2026-03-08T12:41:25.359Z
sensor.car_charger_enphase_power,3.532825,2026-03-08T12:41:30.338Z
sensor.car_charger_enphase_power,3.524064,2026-03-08T12:41:35.350Z
sensor.car_charger_enphase_power,3.53608,2026-03-08T12:41:40.342Z
sensor.car_charger_enphase_power,3.525997,2026-03-08T12:41:45.339Z
sensor.car_charger_enphase_power,3.528065,2026-03-08T12:41:50.375Z
sensor.car_charger_enphase_power,3.533402,2026-03-08T12:41:55.335Z
sensor.car_charger_enphase_power,3.537109,2026-03-08T12:42:00.357Z
sensor.car_charger_enphase_power,3.545564,2026-03-08T12:42:05.346Z
sensor.car_charger_enphase_power,3.53785,2026-03-08T12:42:10.348Z
sensor.car_charger_enphase_power,3.534061,2026-03-08T12:42:15.365Z
sensor.car_charger_enphase_power,3.546168,2026-03-08T12:42:20.331Z
sensor.car_charger_enphase_power,3.539892,2026-03-08T12:42:25.359Z
sensor.car_charger_enphase_power,3.554201,2026-03-08T12:42:30.355Z
sensor.car_charger_enphase_power,3.552091,2026-03-08T12:42:35.341Z
sensor.car_charger_enphase_power,3.558032,2026-03-08T12:42:40.347Z
sensor.car_charger_enphase_power,3.550552,2026-03-08T12:42:45.355Z
sensor.car_charger_enphase_power,3.545305,2026-03-08T12:42:50.337Z
sensor.car_charger_enphase_power,3.542315,2026-03-08T12:42:55.350Z
sensor.car_charger_enphase_power,3.551159,2026-03-08T12:43:00.349Z
sensor.car_charger_enphase_power,3.548731,2026-03-08T12:43:05.336Z
sensor.car_charger_enphase_power,3.537571,2026-03-08T12:43:10.347Z
sensor.car_charger_enphase_power,3.535221,2026-03-08T12:43:15.355Z
sensor.car_charger_enphase_power,3.549467,2026-03-08T12:43:20.350Z
sensor.car_charger_enphase_power,3.557986,2026-03-08T12:43:25.345Z
sensor.car_charger_enphase_power,3.53431,2026-03-08T12:43:30.366Z
sensor.car_charger_enphase_power,3.543076,2026-03-08T12:43:35.351Z
sensor.car_charger_enphase_power,3.53623,2026-03-08T12:43:40.358Z
sensor.car_charger_enphase_power,3.530582,2026-03-08T12:43:45.352Z
sensor.car_charger_enphase_power,3.533568,2026-03-08T12:43:50.336Z
sensor.car_charger_enphase_power,3.533967,2026-03-08T12:43:55.359Z
sensor.car_charger_enphase_power,3.539124,2026-03-08T12:44:00.352Z
sensor.car_charger_enphase_power,3.539834,2026-03-08T12:44:05.347Z
sensor.car_charger_enphase_power,3.537212,2026-03-08T12:44:10.347Z
sensor.car_charger_enphase_power,3.532057,2026-03-08T12:44:15.345Z
sensor.car_charger_enphase_power,3.533984,2026-03-08T12:44:20.340Z
sensor.car_charger_enphase_power,3.540006,2026-03-08T12:44:25.341Z
sensor.car_charger_enphase_power,3.537019,2026-03-08T12:44:30.349Z
sensor.car_charger_enphase_power,3.544107,2026-03-08T12:44:35.363Z
sensor.car_charger_enphase_power,3.537532,2026-03-08T12:44:40.356Z
sensor.car_charger_enphase_power,3.530864,2026-03-08T12:44:45.337Z
sensor.car_charger_enphase_power,3.535728,2026-03-08T12:44:50.340Z
sensor.car_charger_enphase_power,3.527367,2026-03-08T12:44:55.344Z
sensor.car_charger_enphase_power,3.518411,2026-03-08T12:45:00.346Z
sensor.car_charger_enphase_power,3.516998,2026-03-08T12:45:05.346Z
sensor.car_charger_enphase_power,3.5389,2026-03-08T12:45:10.343Z
sensor.car_charger_enphase_power,3.550259,2026-03-08T12:45:15.349Z
sensor.car_charger_enphase_power,3.55513,2026-03-08T12:45:20.336Z
sensor.car_charger_enphase_power,3.553969,2026-03-08T12:45:25.345Z
sensor.car_charger_enphase_power,3.560619,2026-03-08T12:45:30.342Z
sensor.car_charger_enphase_power,3.55197,2026-03-08T12:45:35.352Z
sensor.car_charger_enphase_power,3.543146,2026-03-08T12:45:40.350Z
sensor.car_charger_enphase_power,3.535406,2026-03-08T12:45:45.341Z
sensor.car_charger_enphase_power,2.858484,2026-03-08T12:45:50.351Z
sensor.car_charger_enphase_power,2.832098,2026-03-08T12:45:55.352Z
sensor.car_charger_enphase_power,2.831555,2026-03-08T12:46:00.348Z
sensor.car_charger_enphase_power,2.83863,2026-03-08T12:46:05.341Z
sensor.car_charger_enphase_power,2.838641,2026-03-08T12:46:10.348Z
sensor.car_charger_enphase_power,2.831417,2026-03-08T12:46:15.340Z
sensor.car_charger_enphase_power,2.839766,2026-03-08T12:46:20.357Z
sensor.car_charger_enphase_power,2.846807,2026-03-08T12:46:25.346Z
sensor.car_charger_enphase_power,2.844693,2026-03-08T12:46:30.344Z
sensor.car_charger_enphase_power,2.84697,2026-03-08T12:46:35.352Z
sensor.car_charger_enphase_power,2.842488,2026-03-08T12:46:40.344Z
sensor.car_charger_enphase_power,2.844471,2026-03-08T12:46:45.346Z
sensor.car_charger_enphase_power,2.840241,2026-03-08T12:46:50.352Z
sensor.car_charger_enphase_power,2.831562,2026-03-08T12:46:55.354Z
sensor.car_charger_enphase_power,2.830514,2026-03-08T12:47:00.366Z
sensor.car_charger_enphase_power,2.825766,2026-03-08T12:47:05.368Z
sensor.car_charger_enphase_power,1.418847,2026-03-08T12:47:10.355Z
sensor.car_charger_enphase_power,1.424522,2026-03-08T12:47:15.341Z
sensor.car_charger_enphase_power,1.42283,2026-03-08T12:47:20.364Z
sensor.car_charger_enphase_power,1.426585,2026-03-08T12:47:25.355Z
sensor.car_charger_enphase_power,1.422648,2026-03-08T12:47:30.345Z
sensor.car_charger_enphase_power,1.422296,2026-03-08T12:47:35.361Z
sensor.car_charger_enphase_power,1.419433,2026-03-08T12:47:40.349Z
sensor.car_charger_enphase_power,1.417047,2026-03-08T12:47:45.347Z
sensor.car_charger_enphase_power,1.417306,2026-03-08T12:47:50.341Z
sensor.car_charger_enphase_power,1.426912,2026-03-08T12:47:55.349Z
sensor.car_charger_enphase_power,1.433173,2026-03-08T12:48:00.364Z
sensor.car_charger_enphase_power,1.428721,2026-03-08T12:48:05.351Z
sensor.car_charger_enphase_power,1.428544,2026-03-08T12:48:10.321Z
sensor.car_charger_enphase_power,1.427223,2026-03-08T12:48:15.355Z
sensor.car_charger_enphase_power,1.421782,2026-03-08T12:48:20.345Z
sensor.car_charger_enphase_power,1.42125,2026-03-08T12:48:25.344Z
sensor.car_charger_enphase_power,1.421905,2026-03-08T12:48:30.341Z
sensor.car_charger_enphase_power,1.419808,2026-03-08T12:48:35.355Z
sensor.car_charger_enphase_power,1.42805,2026-03-08T12:48:40.350Z
sensor.car_charger_enphase_power,1.432029,2026-03-08T12:48:45.356Z
sensor.car_charger_enphase_power,1.430064,2026-03-08T12:48:50.340Z
sensor.car_charger_enphase_power,1.42836,2026-03-08T12:48:55.344Z
sensor.car_charger_enphase_power,1.429689,2026-03-08T12:49:00.346Z
sensor.car_charger_enphase_power,1.42836,2026-03-08T12:49:05.331Z
sensor.car_charger_enphase_power,1.427089,2026-03-08T12:49:10.345Z
sensor.car_charger_enphase_power,1.425863,2026-03-08T12:49:15.343Z
sensor.car_charger_enphase_power,1.417204,2026-03-08T12:49:20.370Z
sensor.car_charger_enphase_power,1.415471,2026-03-08T12:49:25.341Z
sensor.car_charger_enphase_power,1.544702,2026-03-08T12:49:30.357Z
sensor.car_charger_enphase_power,3.532572,2026-03-08T12:49:35.331Z
sensor.car_charger_enphase_power,3.55434,2026-03-08T12:49:40.357Z
sensor.car_charger_enphase_power,3.558204,2026-03-08T12:49:45.342Z
sensor.car_charger_enphase_power,3.561369,2026-03-08T12:49:50.350Z
sensor.car_charger_enphase_power,3.551075,2026-03-08T12:49:55.565Z
sensor.car_charger_enphase_power,3.538484,2026-03-08T12:50:00.351Z
sensor.car_charger_enphase_power,3.520522,2026-03-08T12:50:05.340Z
sensor.car_charger_enphase_power,3.523419,2026-03-08T12:50:10.340Z
sensor.car_charger_enphase_power,3.515015,2026-03-08T12:50:15.359Z
sensor.car_charger_enphase_power,3.51333,2026-03-08T12:50:20.348Z
sensor.car_charger_enphase_power,3.522628,2026-03-08T12:50:25.341Z
sensor.car_charger_enphase_power,3.520025,2026-03-08T12:50:30.349Z
sensor.car_charger_enphase_power,3.531573,2026-03-08T12:50:35.344Z
sensor.car_charger_enphase_power,3.551888,2026-03-08T12:50:40.340Z
sensor.car_charger_enphase_power,4.264583,2026-03-08T12:50:45.348Z
sensor.car_charger_enphase_power,4.253364,2026-03-08T12:50:50.347Z
sensor.car_charger_enphase_power,4.24482,2026-03-08T12:50:55.344Z
sensor.car_charger_enphase_power,4.228146,2026-03-08T12:51:00.349Z
sensor.car_charger_enphase_power,4.224466,2026-03-08T12:51:05.345Z
sensor.car_charger_enphase_power,4.239327,2026-03-08T12:51:10.355Z
sensor.car_charger_enphase_power,4.259131,2026-03-08T12:51:15.525Z
sensor.car_charger_enphase_power,4.255073,2026-03-08T12:51:20.398Z
sensor.car_charger_enphase_power,4.247474,2026-03-08T12:51:25.352Z
sensor.car_charger_enphase_power,4.248216,2026-03-08T12:51:30.334Z
sensor.car_charger_enphase_power,4.254433,2026-03-08T12:51:35.331Z
sensor.car_charger_enphase_power,3.650338,2026-03-08T12:51:40.338Z
sensor.car_charger_enphase_power,3.537537,2026-03-08T12:51:45.344Z
sensor.car_charger_enphase_power,3.523689,2026-03-08T12:51:50.347Z
sensor.car_charger_enphase_power,3.530994,2026-03-08T12:51:55.356Z
sensor.car_charger_enphase_power,3.525512,2026-03-08T12:52:00.351Z
sensor.car_charger_enphase_power,3.52652,2026-03-08T12:52:05.349Z
sensor.car_charger_enphase_power,3.533877,2026-03-08T12:52:10.337Z
sensor.car_charger_enphase_power,3.519475,2026-03-08T12:52:15.346Z
sensor.car_charger_enphase_power,3.530687,2026-03-08T12:52:20.357Z
sensor.car_charger_enphase_power,3.54462,2026-03-08T12:52:25.378Z
sensor.car_charger_enphase_power,3.560646,2026-03-08T12:52:30.341Z
sensor.car_charger_enphase_power,3.556423,2026-03-08T12:52:35.339Z
sensor.car_charger_enphase_power,3.549564,2026-03-08T12:52:40.356Z
sensor.car_charger_enphase_power,3.542867,2026-03-08T12:52:45.338Z
sensor.car_charger_enphase_power,3.538225,2026-03-08T12:52:50.336Z
sensor.car_charger_enphase_power,3.540141,2026-03-08T12:52:55.349Z
sensor.car_charger_enphase_power,3.532516,2026-03-08T12:53:00.377Z
sensor.car_charger_enphase_power,3.537746,2026-03-08T12:53:05.349Z
sensor.car_charger_enphase_power,3.537271,2026-03-08T12:53:10.355Z
sensor.car_charger_enphase_power,3.534188,2026-03-08T12:53:15.355Z
sensor.car_charger_enphase_power,3.517542,2026-03-08T12:53:20.378Z
sensor.car_charger_enphase_power,3.523335,2026-03-08T12:53:25.344Z
sensor.car_charger_enphase_power,3.525787,2026-03-08T12:53:30.374Z
sensor.car_charger_enphase_power,3.532338,2026-03-08T12:53:35.379Z
sensor.car_charger_enphase_power,3.52518,2026-03-08T12:53:40.342Z
sensor.car_charger_enphase_power,3.526195,2026-03-08T12:53:45.368Z
sensor.car_charger_enphase_power,3.523151,2026-03-08T12:53:50.360Z
sensor.car_charger_enphase_power,3.522801,2026-03-08T12:53:55.341Z
sensor.car_charger_enphase_power,3.524534,2026-03-08T12:54:00.351Z
sensor.car_charger_enphase_power,3.519622,2026-03-08T12:54:05.367Z
sensor.car_charger_enphase_power,3.524391,2026-03-08T12:54:10.367Z
sensor.car_charger_enphase_power,3.52647,2026-03-08T12:54:15.358Z
sensor.car_charger_enphase_power,3.532775,2026-03-08T12:54:20.348Z
sensor.adaptivecharge_stormbreaker_input_skew,0.0,2026-03-08T12:40:00.000Z
sensor.adaptivecharge_stormbreaker_energy_charged,33.989,2026-03-08T12:40:00.000Z
sensor.adaptivecharge_stormbreaker_energy_charged,33.999,2026-03-08T12:40:07.172Z
sensor.adaptivecharge_stormbreaker_energy_charged,34.009,2026-03-08T12:40:17.174Z
sensor.adaptivecharge_stormbreaker_energy_charged,34.019,2026-03-08T12:40:27.175Z
sensor.adaptivecharge_stormbreaker_energy_charged,34.028,2026-03-08T12:40:37.176Z
sensor.adaptivecharge_stormbreaker_energy_charged,34.038,2026-03-08T12:40:47.176Z
sensor.adaptivecharge_stormbreaker_energy_charged,34.048,2026-03-08T12:40:57.178Z
sensor.adaptivecharge_stormbreaker_energy_charged,34.058,2026-03-08T12:41:07.178Z
sensor.adaptivecharge_stormbreaker_energy_charged,34.068,2026-03-08T12:41:17.179Z
sensor.adaptivecharge_stormbreaker_energy_charged,34.078,2026-03-08T12:41:27.181Z
sensor.adaptivecharge_stormbreaker_energy_charged,34.087,2026-03-08T12:41:37.181Z
sensor.adaptivecharge_stormbreaker_energy_charged,34.097,2026-03-08T12:41:47.179Z
sensor.adaptivecharge_stormbreaker_energy_charged,34.107,2026-03-08T12:41:57.182Z
sensor.adaptivecharge_stormbreaker_energy_charged,34.117,2026-03-08T12:42:07.182Z
sensor.adaptivecharge_stormbreaker_energy_charged,34.127,2026-03-08T12:42:17.182Z
sensor.adaptivecharge_stormbreaker_energy_charged,34.137,2026-03-08T12:42:27.184Z
sensor.adaptivecharge_stormbreaker_energy_charged,34.146,2026-03-08T12:42:37.185Z
sensor.adaptivecharge_stormbreaker_energy_charged,34.156,2026-03-08T12:42:47.186Z
sensor.adaptivecharge_stormbreaker_energy_charged,34.166,2026-03-08T12:42:57.184Z
sensor.adaptivecharge_stormbreaker_energy_charged,34.176,2026-03-08T12:43:07.186Z
sensor.adaptivecharge_stormbreaker_energy_charged,34.186,2026-03-08T12:43:17.186Z
sensor.adaptivecharge_stormbreaker_energy_charged,34.196,2026-03-08T12:43:27.190Z
sensor.adaptivecharge_stormbreaker_energy_charged,34.206,2026-03-08T12:43:37.191Z
sensor.adaptivecharge_stormbreaker_energy_charged,34.215,2026-03-08T12:43:47.192Z
sensor.adaptivecharge_stormbreaker_energy_charged,34.225,2026-03-08T12:43:57.193Z
sensor.adaptivecharge_stormbreaker_energy_charged,34.235,2026-03-08T12:44:07.193Z
sensor.adaptivecharge_stormbreaker_energy_charged,34.245,2026-03-08T12:44:17.195Z
sensor.adaptivecharge_stormbreaker_energy_charged,34.255,2026-03-08T12:44:27.196Z
sensor.adaptivecharge_stormbreaker_energy_charged,34.264,2026-03-08T12:44:37.198Z
sensor.adaptivecharge_stormbreaker_energy_charged,34.274,2026-03-08T12:44:47.198Z
sensor.adaptivecharge_stormbreaker_energy_charged,34.284,2026-03-08T12:44:57.198Z
sensor.adaptivecharge_stormbreaker_energy_charged,34.294,2026-03-08T12:45:07.202Z
sensor.adaptivecharge_stormbreaker_energy_charged,34.304,2026-03-08T12:45:17.205Z
sensor.adaptivecharge_stormbreaker_energy_charged,34.314,2026-03-08T12:45:27.359Z
sensor.adaptivecharge_stormbreaker_energy_charged,34.323,2026-03-08T12:45:37.207Z
sensor.adaptivecharge_stormbreaker_energy_charged,34.333,2026-03-08T12:45:53.760Z
sensor.adaptivecharge_stormbreaker_energy_charged,34.341,2026-03-08T12:45:57.360Z
sensor.adaptivecharge_stormbreaker_energy_charged,34.349,2026-03-08T12:46:07.209Z
sensor.adaptivecharge_stormbreaker_energy_charged,34.357,2026-03-08T12:46:17.210Z
sensor.adaptivecharge_stormbreaker_energy_charged,34.365,2026-03-08T12:46:27.360Z
sensor.adaptivecharge_stormbreaker_energy_charged,34.373,2026-03-08T12:46:37.369Z
sensor.adaptivecharge_stormbreaker_energy_charged,34.381,2026-03-08T12:46:47.214Z
sensor.adaptivecharge_stormbreaker_energy_charged,34.388,2026-03-08T12:46:57.214Z
sensor.adaptivecharge_stormbreaker_energy_charged,34.396,2026-03-08T12:47:13.561Z
sensor.adaptivecharge_stormbreaker_energy_charged,34.4,2026-03-08T12:47:17.216Z
sensor.adaptivecharge_stormbreaker_energy_charged,34.404,2026-03-08T12:47:27.371Z
sensor.adaptivecharge_stormbreaker_energy_charged,34.408,2026-03-08T12:47:37.218Z
sensor.adaptivecharge_stormbreaker_energy_charged,34.412,2026-03-08T12:47:47.404Z
sensor.adaptivecharge_stormbreaker_energy_charged,34.416,2026-03-08T12:47:57.220Z
sensor.adaptivecharge_stormbreaker_energy_charged,34.42,2026-03-08T12:48:07.220Z
sensor.adaptivecharge_stormbreaker_energy_charged,34.424,2026-03-08T12:48:17.221Z
sensor.adaptivecharge_stormbreaker_energy_charged,34.428,2026-03-08T12:48:27.222Z
sensor.adaptivecharge_stormbreaker_energy_charged,34.432,2026-03-08T12:48:37.222Z
sensor.adaptivecharge_stormbreaker_energy_charged,34.436,2026-03-08T12:48:47.224Z
sensor.adaptivecharge_stormbreaker_energy_charged,34.44,2026-03-08T12:48:57.224Z
sensor.adaptivecharge_stormbreaker_energy_charged,34.444,2026-03-08T12:49:07.223Z
sensor.adaptivecharge_stormbreaker_energy_charged,34.448,2026-03-08T12:49:17.227Z
sensor.adaptivecharge_stormbreaker_energy_charged,34.452,2026-03-08T12:49:29.263Z
sensor.adaptivecharge_stormbreaker_energy_charged,34.462,2026-03-08T12:49:37.227Z
sensor.adaptivecharge_stormbreaker_energy_charged,34.471,2026-03-08T12:49:47.230Z
sensor.adaptivecharge_stormbreaker_energy_charged,34.481,2026-03-08T12:49:57.389Z
sensor.adaptivecharge_stormbreaker_energy_charged,34.491,2026-03-08T12:50:07.234Z
sensor.adaptivecharge_stormbreaker_energy_charged,34.501,2026-03-08T12:50:17.387Z
sensor.adaptivecharge_stormbreaker_energy_charged,34.511,2026-03-08T12:50:27.236Z
sensor.adaptivecharge_stormbreaker_energy_charged,34.52,2026-03-08T12:50:39.494Z
sensor.adaptivecharge_stormbreaker_energy_charged,34.532,2026-03-08T12:50:47.237Z
sensor.adaptivecharge_stormbreaker_energy_charged,34.544,2026-03-08T12:50:57.238Z
sensor.adaptivecharge_stormbreaker_energy_charged,34.556,2026-03-08T12:51:07.239Z
sensor.adaptivecharge_stormbreaker_energy_charged,34.568,2026-03-08T12:51:17.241Z
sensor.adaptivecharge_stormbreaker_energy_charged,34.579,2026-03-08T12:51:27.240Z
sensor.adaptivecharge_stormbreaker_energy_charged,34.591,2026-03-08T12:51:39.542Z
sensor.adaptivecharge_stormbreaker_energy_charged,34.601,2026-03-08T12:51:47.396Z
sensor.adaptivecharge_stormbreaker_energy_charged,34.611,2026-03-08T12:51:57.244Z
sensor.adaptivecharge_stormbreaker_energy_charged,34.621,2026-03-08T12:52:07.243Z
sensor.adaptivecharge_stormbreaker_energy_charged,34.63,2026-03-08T12:52:17.247Z
sensor.adaptivecharge_stormbreaker_energy_charged,34.64,2026-03-08T12:52:27.248Z
sensor.adaptivecharge_stormbreaker_energy_charged,34.65,2026-03-08T12:52:37.400Z
sensor.adaptivecharge_stormbreaker_energy_charged,34.66,2026-03-08T12:52:47.249Z
sensor.adaptivecharge_stormbreaker_energy_charged,34.67,2026-03-08T12:52:57.250Z
sensor.adaptivecharge_stormbreaker_energy_charged,34.68,2026-03-08T12:53:07.250Z
sensor.adaptivecharge_stormbreaker_energy_charged,34.69,2026-03-08T12:53:17.253Z
sensor.adaptivecharge_stormbreaker_energy_charged,34.699,2026-03-08T12:53:27.252Z
sensor.adaptivecharge_stormbreaker_energy_charged,34.709,2026-03-08T12:53:37.254Z
sensor.adaptivecharge_stormbreaker_energy_charged,34.719,2026-03-08T12:53:47.255Z
sensor.adaptivecharge_stormbreaker_energy_charged,34.729,2026-03-08T12:53:57.256Z
sensor.adaptivecharge_stormbreaker_energy_charged,34.738,2026-03-08T12:54:07.257Z
sensor.adaptivecharge_stormbreaker_energy_charged,34.748,2026-03-08T12:54:17.257Z
sensor.adaptivecharge_stormbreaker_battery_energy_delta,2.36,2026-03-08T12:40:00.000Z
sensor.adaptivecharge_stormbreaker_battery_energy_delta,2.5,2026-03-08T12:40:27.176Z
sensor.adaptivecharge_stormbreaker_battery_energy_delta,2.48,2026-03-08T12:41:27.181Z
sensor.adaptivecharge_stormbreaker_battery_energy_delta,2.62,2026-03-08T12:43:37.192Z
sensor.adaptivecharge_stormbreaker_battery_energy_delta,2.74,2026-03-08T12:45:27.360Z
sensor.adaptivecharge_stormbreaker_battery_energy_delta,2.86,2026-03-08T12:49:37.228Z
sensor.adaptivecharge_stormbreaker_battery_energy_delta,3.0,2026-03-08T12:52:07.244Z
sensor.adaptivecharge_stormbreaker_battery_energy_delta,2.98,2026-03-08T12:53:07.251Z
sensor.adaptivecharge_stormbreaker_energy_charged_daily,12.770,2026-03-08T12:40:00.000Z
sensor.adaptivecharge_stormbreaker_energy_charged_daily,12.780,2026-03-08T12:40:07.174Z
sensor.adaptivecharge_stormbreaker_energy_charged_daily,12.790,2026-03-08T12:40:17.175Z
sensor.adaptivecharge_stormbreaker_energy_charged_daily,12.800,2026-03-08T12:40:27.177Z
sensor.adaptivecharge_stormbreaker_energy_charged_daily,12.809,2026-03-08T12:40:37.178Z
sensor.adaptivecharge_stormbreaker_energy_charged_daily,12.819,2026-03-08T12:40:47.181Z
sensor.adaptivecharge_stormbreaker_energy_charged_daily,12.829,2026-03-08T12:40:57.180Z
sensor.adaptivecharge_stormbreaker_energy_charged_daily,12.839,2026-03-08T12:41:07.180Z
sensor.adaptivecharge_stormbreaker_energy_charged_daily,12.849,2026-03-08T12:41:17.180Z
sensor.adaptivecharge_stormbreaker_energy_charged_daily,12.859,2026-03-08T12:41:27.182Z
sensor.adaptivecharge_stormbreaker_energy_charged_daily,12.868,2026-03-08T12:41:37.183Z
sensor.adaptivecharge_stormbreaker_energy_charged_daily,12.878,2026-03-08T12:41:47.190Z
sensor.adaptivecharge_stormbreaker_energy_charged_daily,12.888,2026-03-08T12:41:57.183Z
sensor.adaptivecharge_stormbreaker_energy_charged_daily,12.898,2026-03-08T12:42:07.184Z
sensor.adaptivecharge_stormbreaker_energy_charged_daily,12.908,2026-03-08T12:42:17.183Z
sensor.adaptivecharge_stormbreaker_energy_charged_daily,12.918,2026-03-08T12:42:27.185Z
sensor.adaptivecharge_stormbreaker_energy_charged_daily,12.927,2026-03-08T12:42:37.187Z
sensor.adaptivecharge_stormbreaker_energy_charged_daily,12.937,2026-03-08T12:42:47.187Z
sensor.adaptivecharge_stormbreaker_energy_charged_daily,12.947,2026-03-08T12:42:57.185Z
sensor.adaptivecharge_stormbreaker_energy_charged_daily,12.957,2026-03-08T12:43:07.187Z
sensor.adaptivecharge_stormbreaker_energy_charged_daily,12.967,2026-03-08T12:43:17.188Z
sensor.adaptivecharge_stormbreaker_energy_charged_daily,12.977,2026-03-08T12:43:27.191Z
sensor.adaptivecharge_stormbreaker_energy_charged_daily,12.987,2026-03-08T12:43:37.192Z
sensor.adaptivecharge_stormbreaker_energy_charged_daily,12.996,2026-03-08T12:43:47.194Z
sensor.adaptivecharge_stormbreaker_energy_charged_daily,13.006,2026-03-08T12:43:57.195Z
sensor.adaptivecharge_stormbreaker_energy_charged_daily,13.016,2026-03-08T12:44:07.195Z
sensor.adaptivecharge_stormbreaker_energy_charged_daily,13.026,2026-03-08T12:44:17.197Z
sensor.adaptivecharge_stormbreaker_energy_charged_daily,13.036,2026-03-08T12:44:27.197Z
sensor.adaptivecharge_stormbreaker_energy_charged_daily,13.045,2026-03-08T12:44:37.200Z
sensor.adaptivecharge_stormbreaker_energy_charged_daily,13.055,2026-03-08T12:44:47.200Z
sensor.adaptivecharge_stormbreaker_energy_charged_daily,13.065,2026-03-08T12:44:57.200Z
sensor.adaptivecharge_stormbreaker_energy_charged_daily,13.075,2026-03-08T12:45:07.204Z
sensor.adaptivecharge_stormbreaker_energy_charged_daily,13.085,2026-03-08T12:45:17.207Z
sensor.adaptivecharge_stormbreaker_energy_charged_daily,13.095,2026-03-08T12:45:27.369Z
sensor.adaptivecharge_stormbreaker_energy_charged_daily,13.104,2026-03-08T12:45:37.209Z
sensor.adaptivecharge_stormbreaker_energy_charged_daily,13.114,2026-03-08T12:45:53.773Z
sensor.adaptivecharge_stormbreaker_energy_charged_daily,13.122,2026-03-08T12:45:57.371Z
sensor.adaptivecharge_stormbreaker_energy_charged_daily,13.130,2026-03-08T12:46:07.212Z
sensor.adaptivecharge_stormbreaker_energy_charged_daily,13.138,2026-03-08T12:46:17.211Z
sensor.adaptivecharge_stormbreaker_energy_charged_daily,13.146,2026-03-08T12:46:27.370Z
sensor.adaptivecharge_stormbreaker_energy_charged_daily,13.154,2026-03-08T12:46:37.383Z
sensor.adaptivecharge_stormbreaker_energy_charged_daily,13.162,2026-03-08T12:46:47.215Z
sensor.adaptivecharge_stormbreaker_energy_charged_daily,13.169,2026-03-08T12:46:57.216Z
sensor.adaptivecharge_stormbreaker_energy_charged_daily,13.177,2026-03-08T12:47:13.571Z
sensor.adaptivecharge_stormbreaker_energy_charged_daily,13.181,2026-03-08T12:47:17.218Z
sensor.adaptivecharge_stormbreaker_energy_charged_daily,13.185,2026-03-08T12:47:27.381Z
sensor.adaptivecharge_stormbreaker_energy_charged_daily,13.189,2026-03-08T12:47:37.220Z
sensor.adaptivecharge_stormbreaker_energy_charged_daily,13.193,2026-03-08T12:47:47.420Z
sensor.adaptivecharge_stormbreaker_energy_charged_daily,13.197,2026-03-08T12:47:57.222Z
sensor.adaptivecharge_stormbreaker_energy_charged_daily,13.201,2026-03-08T12:48:07.222Z
sensor.adaptivecharge_stormbreaker_energy_charged_daily,13.205,2026-03-08T12:48:17.223Z
sensor.adaptivecharge_stormbreaker_energy_charged_daily,13.209,2026-03-08T12:48:27.223Z
sensor.adaptivecharge_stormbreaker_energy_charged_daily,13.213,2026-03-08T12:48:37.224Z
sensor.adaptivecharge_stormbreaker_energy_charged_daily,13.217,2026-03-08T12:48:47.225Z
sensor.adaptivecharge_stormbreaker_energy_charged_daily,13.221,2026-03-08T12:48:57.226Z
sensor.adaptivecharge_stormbreaker_energy_charged_daily,13.225,2026-03-08T12:49:07.236Z
sensor.adaptivecharge_stormbreaker_energy_charged_daily,13.229,2026-03-08T12:49:17.231Z
sensor.adaptivecharge_stormbreaker_energy_charged_daily,13.233,2026-03-08T12:49:29.297Z
sensor.adaptivecharge_stormbreaker_energy_charged_daily,13.243,2026-03-08T12:49:37.229Z
sensor.adaptivecharge_stormbreaker_energy_charged_daily,13.252,2026-03-08T12:49:47.231Z
sensor.adaptivecharge_stormbreaker_energy_charged_daily,13.262,2026-03-08T12:49:57.404Z
sensor.adaptivecharge_stormbreaker_energy_charged_daily,13.272,2026-03-08T12:50:07.236Z
sensor.adaptivecharge_stormbreaker_energy_charged_daily,13.282,2026-03-08T12:50:17.402Z
sensor.adaptivecharge_stormbreaker_energy_charged_daily,13.292,2026-03-08T12:50:27.238Z
sensor.adaptivecharge_stormbreaker_energy_charged_daily,13.301,2026-03-08T12:50:39.511Z
sensor.adaptivecharge_stormbreaker_energy_charged_daily,13.313,2026-03-08T12:50:47.239Z
sensor.adaptivecharge_stormbreaker_energy_charged_daily,13.325,2026-03-08T12:50:57.240Z
sensor.adaptivecharge_stormbreaker_energy_charged_daily,13.337,2026-03-08T12:51:07.240Z
sensor.adaptivecharge_stormbreaker_energy_charged_daily,13.349,2026-03-08T12:51:17.242Z
sensor.adaptivecharge_stormbreaker_energy_charged_daily,13.360,2026-03-08T12:51:27.242Z
sensor.adaptivecharge_stormbreaker_energy_charged_daily,13.372,2026-03-08T12:51:39.553Z
sensor.adaptivecharge_stormbreaker_energy_charged_daily,13.382,2026-03-08T12:51:47.416Z
sensor.adaptivecharge_stormbreaker_energy_charged_daily,13.392,2026-03-08T12:51:57.245Z
sensor.adaptivecharge_stormbreaker_energy_charged_daily,13.402,2026-03-08T12:52:07.245Z
sensor.adaptivecharge_stormbreaker_energy_charged_daily,13.411,2026-03-08T12:52:17.249Z
sensor.adaptivecharge_stormbreaker_energy_charged_daily,13.421,2026-03-08T12:52:27.250Z
sensor.adaptivecharge_stormbreaker_energy_charged_daily,13.431,2026-03-08T12:52:37.417Z
sensor.adaptivecharge_stormbreaker_energy_charged_daily,13.441,2026-03-08T12:52:47.251Z
sensor.adaptivecharge_stormbreaker_energy_charged_daily,13.451,2026-03-08T12:52:57.252Z
sensor.adaptivecharge_stormbreaker_energy_charged_daily,13.461,2026-03-08T12:53:07.252Z
sensor.adaptivecharge_stormbreaker_energy_charged_daily,13.471,2026-03-08T12:53:17.254Z
sensor.adaptivecharge_stormbreaker_energy_charged_daily,13.480,2026-03-08T12:53:27.254Z
sensor.adaptivecharge_stormbreaker_energy_charged_daily,13.490,2026-03-08T12:53:37.255Z
sensor.adaptivecharge_stormbreaker_energy_charged_daily,13.500,2026-03-08T12:53:47.257Z
sensor.adaptivecharge_stormbreaker_energy_charged_daily,13.510,2026-03-08T12:53:57.257Z
sensor.adaptivecharge_stormbreaker_energy_charged_daily,13.519,2026-03-08T12:54:07.258Z
sensor.adaptivecharge_stormbreaker_energy_charged_daily,13.529,2026-03-08T12:54:17.259Z
sensor.adaptivecharge_stormbreaker_energy_charged_monthly,34.597,2026-03-08T12:40:00.000Z
sensor.adaptivecharge_stormbreaker_energy_charged_monthly,34.607,2026-03-08T12:40:07.174Z
sensor.adaptivecharge_stormbreaker_energy_charged_monthly,34.617,2026-03-08T12:40:17.176Z
sensor.adaptivecharge_stormbreaker_energy_charged_monthly,34.627,2026-03-08T12:40:27.177Z
sensor.adaptivecharge_stormbreaker_energy_charged_monthly,34.636,2026-03-08T12:40:37.178Z
sensor.adaptivecharge_stormbreaker_energy_charged_monthly,34.646,2026-03-08T12:40:47.181Z
sensor.adaptivecharge_stormbreaker_energy_charged_monthly,34.656,2026-03-08T12:40:57.180Z
sensor.adaptivecharge_stormbreaker_energy_charged_monthly,34.666,2026-03-08T12:41:07.180Z
sensor.adaptivecharge_stormbreaker_energy_charged_monthly,34.676,2026-03-08T12:41:17.181Z
sensor.adaptivecharge_stormbreaker_energy_charged_monthly,34.686,2026-03-08T12:41:27.183Z
sensor.adaptivecharge_stormbreaker_energy_charged_monthly,34.695,2026-03-08T12:41:37.183Z
sensor.adaptivecharge_stormbreaker_energy_charged_monthly,34.705,2026-03-08T12:41:47.191Z
sensor.adaptivecharge_stormbreaker_energy_charged_monthly,34.715,2026-03-08T12:41:57.184Z
sensor.adaptivecharge_stormbreaker_energy_charged_monthly,34.725,2026-03-08T12:42:07.184Z
sensor.adaptivecharge_stormbreaker_energy_charged_monthly,34.735,2026-03-08T12:42:17.183Z
sensor.adaptivecharge_stormbreaker_energy_charged_monthly,34.745,2026-03-08T12:42:27.186Z
sensor.adaptivecharge_stormbreaker_energy_charged_monthly,34.754,2026-03-08T12:42:37.187Z
sensor.adaptivecharge_stormbreaker_energy_charged_monthly,34.764,2026-03-08T12:42:47.187Z
sensor.adaptivecharge_stormbreaker_energy_charged_monthly,34.774,2026-03-08T12:42:57.185Z
sensor.adaptivecharge_stormbreaker_energy_charged_monthly,34.784,2026-03-08T12:43:07.187Z
sensor.adaptivecharge_stormbreaker_energy_charged_monthly,34.794,2026-03-08T12:43:17.188Z
sensor.adaptivecharge_stormbreaker_energy_charged_monthly,34.804,2026-03-08T12:43:27.192Z
sensor.adaptivecharge_stormbreaker_energy_charged_monthly,34.814,2026-03-08T12:43:37.193Z
sensor.adaptivecharge_stormbreaker_energy_charged_monthly,34.823,2026-03-08T12:43:47.194Z
sensor.adaptivecharge_stormbreaker_energy_charged_monthly,34.833,2026-03-08T12:43:57.195Z
sensor.adaptivecharge_stormbreaker_energy_charged_monthly,34.843,2026-03-08T12:44:07.196Z
sensor.adaptivecharge_stormbreaker_energy_charged_monthly,34.853,2026-03-08T12:44:17.197Z
sensor.adaptivecharge_stormbreaker_energy_charged_monthly,34.863,2026-03-08T12:44:27.197Z
sensor.adaptivecharge_stormbreaker_energy_charged_monthly,34.872,2026-03-08T12:44:37.200Z
sensor.adaptivecharge_stormbreaker_energy_charged_monthly,34.882,2026-03-08T12:44:47.201Z
sensor.adaptivecharge_stormbreaker_energy_charged_monthly,34.892,2026-03-08T12:44:57.200Z
sensor.adaptivecharge_stormbreaker_energy_charged_monthly,34.902,2026-03-08T12:45:07.204Z
sensor.adaptivecharge_stormbreaker_energy_charged_monthly,34.912,2026-03-08T12:45:17.208Z
sensor.adaptivecharge_stormbreaker_energy_charged_monthly,34.922,2026-03-08T12:45:27.369Z
sensor.adaptivecharge_stormbreaker_energy_charged_monthly,34.931,2026-03-08T12:45:37.209Z
sensor.adaptivecharge_stormbreaker_energy_charged_monthly,34.941,2026-03-08T12:45:53.774Z
sensor.adaptivecharge_stormbreaker_energy_charged_monthly,34.949,2026-03-08T12:45:57.371Z
sensor.adaptivecharge_stormbreaker_energy_charged_monthly,34.957,2026-03-08T12:46:07.212Z
sensor.adaptivecharge_stormbreaker_energy_charged_monthly,34.965,2026-03-08T12:46:17.211Z
sensor.adaptivecharge_stormbreaker_energy_charged_monthly,34.973,2026-03-08T12:46:27.371Z
sensor.adaptivecharge_stormbreaker_energy_charged_monthly,34.981,2026-03-08T12:46:37.383Z
sensor.adaptivecharge_stormbreaker_energy_charged_monthly,34.989,2026-03-08T12:46:47.215Z
sensor.adaptivecharge_stormbreaker_energy_charged_monthly,34.996,2026-03-08T12:46:57.216Z
sensor.adaptivecharge_stormbreaker_energy_charged_monthly,35.004,2026-03-08T12:47:13.571Z
sensor.adaptivecharge_stormbreaker_energy_charged_monthly,35.008,2026-03-08T12:47:17.218Z
sensor.adaptivecharge_stormbreaker_energy_charged_monthly,35.012,2026-03-08T12:47:27.381Z
sensor.adaptivecharge_stormbreaker_energy_charged_monthly,35.016,2026-03-08T12:47:37.220Z
sensor.adaptivecharge_stormbreaker_energy_charged_monthly,35.020,2026-03-08T12:47:47.420Z
sensor.adaptivecharge_stormbreaker_energy_charged_monthly,35.024,2026-03-08T12:47:57.222Z
sensor.adaptivecharge_stormbreaker_energy_charged_monthly,35.028,2026-03-08T12:48:07.222Z
sensor.adaptivecharge_stormbreaker_energy_charged_monthly,35.032,2026-03-08T12:48:17.223Z
sensor.adaptivecharge_stormbreaker_energy_charged_monthly,35.036,2026-03-08T12:48:27.223Z
sensor.adaptivecharge_stormbreaker_energy_charged_monthly,35.040,2026-03-08T12:48:37.224Z
sensor.adaptivecharge_stormbreaker_energy_charged_monthly,35.044,2026-03-08T12:48:47.225Z
sensor.adaptivecharge_stormbreaker_energy_charged_monthly,35.048,2026-03-08T12:48:57.226Z
sensor.adaptivecharge_stormbreaker_energy_charged_monthly,35.052,2026-03-08T12:49:07.237Z
sensor.adaptivecharge_stormbreaker_energy_charged_monthly,35.056,2026-03-08T12:49:17.232Z
sensor.adaptivecharge_stormbreaker_energy_charged_monthly,35.060,2026-03-08T12:49:29.297Z
sensor.adaptivecharge_stormbreaker_energy_charged_monthly,35.070,2026-03-08T12:49:37.229Z
sensor.adaptivecharge_stormbreaker_energy_charged_monthly,35.079,2026-03-08T12:49:47.231Z
sensor.adaptivecharge_stormbreaker_energy_charged_monthly,35.089,2026-03-08T12:49:57.404Z
sensor.adaptivecharge_stormbreaker_energy_charged_monthly,35.099,2026-03-08T12:50:07.236Z
sensor.adaptivecharge_stormbreaker_energy_charged_monthly,35.109,2026-03-08T12:50:17.402Z
sensor.adaptivecharge_stormbreaker_energy_charged_monthly,35.119,2026-03-08T12:50:27.238Z
sensor.adaptivecharge_stormbreaker_energy_charged_monthly,35.128,2026-03-08T12:50:39.511Z
sensor.adaptivecharge_stormbreaker_energy_charged_monthly,35.140,2026-03-08T12:50:47.239Z
sensor.adaptivecharge_stormbreaker_energy_charged_monthly,35.152,2026-03-08T12:50:57.240Z
sensor.adaptivecharge_stormbreaker_energy_charged_monthly,35.164,2026-03-08T12:51:07.240Z
sensor.adaptivecharge_stormbreaker_energy_charged_monthly,35.176,2026-03-08T12:51:17.242Z
sensor.adaptivecharge_stormbreaker_energy_charged_monthly,35.187,2026-03-08T12:51:27.242Z
sensor.adaptivecharge_stormbreaker_energy_charged_monthly,35.199,2026-03-08T12:51:39.554Z
sensor.adaptivecharge_stormbreaker_energy_charged_monthly,35.209,2026-03-08T12:51:47.416Z
sensor.adaptivecharge_stormbreaker_energy_charged_monthly,35.219,2026-03-08T12:51:57.245Z
sensor.adaptivecharge_stormbreaker_energy_charged_monthly,35.229,2026-03-08T12:52:07.245Z
sensor.adaptivecharge_stormbreaker_energy_charged_monthly,35.238,2026-03-08T12:52:17.249Z
sensor.adaptivecharge_stormbreaker_energy_charged_monthly,35.248,2026-03-08T12:52:27.250Z
sensor.adaptivecharge_stormbreaker_energy_charged_monthly,35.258,2026-03-08T12:52:37.417Z
sensor.adaptivecharge_stormbreaker_energy_charged_monthly,35.268,2026-03-08T12:52:47.251Z
sensor.adaptivecharge_stormbreaker_energy_charged_monthly,35.278,2026-03-08T12:52:57.252Z
sensor.adaptivecharge_stormbreaker_energy_charged_monthly,35.288,2026-03-08T12:53:07.252Z
sensor.adaptivecharge_stormbreaker_energy_charged_monthly,35.298,2026-03-08T12:53:17.254Z
sensor.adaptivecharge_stormbreaker_energy_charged_monthly,35.307,2026-03-08T12:53:27.254Z
sensor.adaptivecharge_stormbreaker_energy_charged_monthly,35.317,2026-03-08T12:53:37.255Z
sensor.adaptivecharge_stormbreaker_energy_charged_monthly,35.327,2026-03-08T12:53:47.257Z
sensor.adaptivecharge_stormbreaker_energy_charged_monthly,35.337,2026-03-08T12:53:57.258Z
sensor.adaptivecharge_stormbreaker_energy_charged_monthly,35.346,2026-03-08T12:54:07.258Z
sensor.adaptivecharge_stormbreaker_energy_charged_monthly,35.356,2026-03-08T12:54:17.259Z
sensor.adaptivecharge_stormbreaker_energy_charged_yearly,34.597,2026-03-08T12:40:00.000Z
sensor.adaptivecharge_stormbreaker_energy_charged_yearly,34.607,2026-03-08T12:40:07.174Z
sensor.adaptivecharge_stormbreaker_energy_charged_yearly,34.617,2026-03-08T12:40:17.176Z
sensor.adaptivecharge_stormbreaker_energy_charged_yearly,34.627,2026-03-08T12:40:27.177Z
sensor.adaptivecharge_stormbreaker_energy_charged_yearly,34.636,2026-03-08T12:40:37.178Z
sensor.adaptivecharge_stormbreaker_energy_charged_yearly,34.646,2026-03-08T12:40:47.182Z
sensor.adaptivecharge_stormbreaker_energy_charged_yearly,34.656,2026-03-08T12:40:57.180Z
sensor.adaptivecharge_stormbreaker_energy_charged_yearly,34.666,2026-03-08T12:41:07.181Z
sensor.adaptivecharge_stormbreaker_energy_charged_yearly,34.676,2026-03-08T12:41:17.181Z
sensor.adaptivecharge_stormbreaker_energy_charged_yearly,34.686,2026-03-08T12:41:27.183Z
sensor.adaptivecharge_stormbreaker_energy_charged_yearly,34.695,2026-03-08T12:41:37.183Z
sensor.adaptivecharge_stormbreaker_energy_charged_yearly,34.705,2026-03-08T12:41:47.191Z
sensor.adaptivecharge_stormbreaker_energy_charged_yearly,34.715,2026-03-08T12:41:57.184Z
sensor.adaptivecharge_stormbreaker_energy_charged_yearly,34.725,2026-03-08T12:42:07.184Z
sensor.adaptivecharge_stormbreaker_energy_charged_yearly,34.735,2026-03-08T12:42:17.183Z
sensor.adaptivecharge_stormbreaker_energy_charged_yearly,34.745,2026-03-08T12:42:27.186Z
sensor.adaptivecharge_stormbreaker_energy_charged_yearly,34.754,2026-03-08T12:42:37.188Z
sensor.adaptivecharge_stormbreaker_energy_charged_yearly,34.764,2026-03-08T12:42:47.187Z
sensor.adaptivecharge_stormbreaker_energy_charged_yearly,34.774,2026-03-08T12:42:57.185Z
sensor.adaptivecharge_stormbreaker_energy_charged_yearly,34.784,2026-03-08T12:43:07.188Z
sensor.adaptivecharge_stormbreaker_energy_charged_yearly,34.794,2026-03-08T12:43:17.188Z
sensor.adaptivecharge_stormbreaker_energy_charged_yearly,34.804,2026-03-08T12:43:27.192Z
sensor.adaptivecharge_stormbreaker_energy_charged_yearly,34.814,2026-03-08T12:43:37.193Z
sensor.adaptivecharge_stormbreaker_energy_charged_yearly,34.823,2026-03-08T12:43:47.194Z
sensor.adaptivecharge_stormbreaker_energy_charged_yearly,34.833,2026-03-08T12:43:57.195Z
sensor.adaptivecharge_stormbreaker_energy_charged_yearly,34.843,2026-03-08T12:44:07.196Z
sensor.adaptivecharge_stormbreaker_energy_charged_yearly,34.853,2026-03-08T12:44:17.197Z
sensor.adaptivecharge_stormbreaker_energy_charged_yearly,34.863,2026-03-08T12:44:27.197Z
sensor.adaptivecharge_stormbreaker_energy_charged_yearly,34.872,2026-03-08T12:44:37.200Z
sensor.adaptivecharge_stormbreaker_energy_charged_yearly,34.882,2026-03-08T12:44:47.201Z
sensor.adaptivecharge_stormbreaker_energy_charged_yearly,34.892,2026-03-08T12:44:57.200Z
sensor.adaptivecharge_stormbreaker_energy_charged_yearly,34.902,2026-03-08T12:45:07.204Z
sensor.adaptivecharge_stormbreaker_energy_charged_yearly,34.912,2026-03-08T12:45:17.208Z
sensor.adaptivecharge_stormbreaker_energy_charged_yearly,34.922,2026-03-08T12:45:27.369Z
sensor.adaptivecharge_stormbreaker_energy_charged_yearly,34.931,2026-03-08T12:45:37.209Z
sensor.adaptivecharge_stormbreaker_energy_charged_yearly,34.941,2026-03-08T12:45:53.774Z
sensor.adaptivecharge_stormbreaker_energy_charged_yearly,34.949,2026-03-08T12:45:57.371Z
sensor.adaptivecharge_stormbreaker_energy_charged_yearly,34.957,2026-03-08T12:46:07.212Z
sensor.adaptivecharge_stormbreaker_energy_charged_yearly,34.965,2026-03-08T12:46:17.212Z
sensor.adaptivecharge_stormbreaker_energy_charged_yearly,34.973,2026-03-08T12:46:27.371Z
sensor.adaptivecharge_stormbreaker_energy_charged_yearly,34.981,2026-03-08T12:46:37.383Z
sensor.adaptivecharge_stormbreaker_energy_charged_yearly,34.989,2026-03-08T12:46:47.215Z
sensor.adaptivecharge_stormbreaker_energy_charged_yearly,34.996,2026-03-08T12:46:57.216Z
sensor.adaptivecharge_stormbreaker_energy_charged_yearly,35.004,2026-03-08T12:47:13.571Z
sensor.adaptivecharge_stormbreaker_energy_charged_yearly,35.008,2026-03-08T12:47:17.218Z
sensor.adaptivecharge_stormbreaker_energy_charged_yearly,35.012,2026-03-08T12:47:27.381Z
sensor.adaptivecharge_stormbreaker_energy_charged_yearly,35.016,2026-03-08T12:47:37.220Z
sensor.adaptivecharge_stormbreaker_energy_charged_yearly,35.020,2026-03-08T12:47:47.420Z
sensor.adaptivecharge_stormbreaker_energy_charged_yearly,35.024,2026-03-08T12:47:57.222Z
sensor.adaptivecharge_stormbreaker_energy_charged_yearly,35.028,2026-03-08T12:48:07.222Z
sensor.adaptivecharge_stormbreaker_energy_charged_yearly,35.032,2026-03-08T12:48:17.223Z
sensor.adaptivecharge_stormbreaker_energy_charged_yearly,35.036,2026-03-08T12:48:27.224Z
sensor.adaptivecharge_stormbreaker_energy_charged_yearly,35.040,2026-03-08T12:48:37.224Z
sensor.adaptivecharge_stormbreaker_energy_charged_yearly,35.044,2026-03-08T12:48:47.225Z
sensor.adaptivecharge_stormbreaker_energy_charged_yearly,35.048,2026-03-08T12:48:57.226Z
sensor.adaptivecharge_stormbreaker_energy_charged_yearly,35.052,2026-03-08T12:49:07.237Z
sensor.adaptivecharge_stormbreaker_energy_charged_yearly,35.056,2026-03-08T12:49:17.232Z
sensor.adaptivecharge_stormbreaker_energy_charged_yearly,35.060,2026-03-08T12:49:29.297Z
sensor.adaptivecharge_stormbreaker_energy_charged_yearly,35.070,2026-03-08T12:49:37.230Z
sensor.adaptivecharge_stormbreaker_energy_charged_yearly,35.079,2026-03-08T12:49:47.231Z
sensor.adaptivecharge_stormbreaker_energy_charged_yearly,35.089,2026-03-08T12:49:57.404Z
sensor.adaptivecharge_stormbreaker_energy_charged_yearly,35.099,2026-03-08T12:50:07.236Z
sensor.adaptivecharge_stormbreaker_energy_charged_yearly,35.109,2026-03-08T12:50:17.402Z
sensor.adaptivecharge_stormbreaker_energy_charged_yearly,35.119,2026-03-08T12:50:27.238Z
sensor.adaptivecharge_stormbreaker_energy_charged_yearly,35.128,2026-03-08T12:50:39.511Z
sensor.adaptivecharge_stormbreaker_energy_charged_yearly,35.140,2026-03-08T12:50:47.239Z
sensor.adaptivecharge_stormbreaker_energy_charged_yearly,35.152,2026-03-08T12:50:57.240Z
sensor.adaptivecharge_stormbreaker_energy_charged_yearly,35.164,2026-03-08T12:51:07.240Z
sensor.adaptivecharge_stormbreaker_energy_charged_yearly,35.176,2026-03-08T12:51:17.242Z
sensor.adaptivecharge_stormbreaker_energy_charged_yearly,35.187,2026-03-08T12:51:27.242Z
sensor.adaptivecharge_stormbreaker_energy_charged_yearly,35.199,2026-03-08T12:51:39.554Z
sensor.adaptivecharge_stormbreaker_energy_charged_yearly,35.209,2026-03-08T12:51:47.416Z
sensor.adaptivecharge_stormbreaker_energy_charged_yearly,35.219,2026-03-08T12:51:57.245Z
sensor.adaptivecharge_stormbreaker_energy_charged_yearly,35.229,2026-03-08T12:52:07.245Z
sensor.adaptivecharge_stormbreaker_energy_charged_yearly,35.238,2026-03-08T12:52:17.249Z
sensor.adaptivecharge_stormbreaker_energy_charged_yearly,35.248,2026-03-08T12:52:27.250Z
sensor.adaptivecharge_stormbreaker_energy_charged_yearly,35.258,2026-03-08T12:52:37.418Z
sensor.adaptivecharge_stormbreaker_energy_charged_yearly,35.268,2026-03-08T12:52:47.251Z
sensor.adaptivecharge_stormbreaker_energy_charged_yearly,35.278,2026-03-08T12:52:57.252Z
sensor.adaptivecharge_stormbreaker_energy_charged_yearly,35.288,2026-03-08T12:53:07.252Z
sensor.adaptivecharge_stormbreaker_energy_charged_yearly,35.298,2026-03-08T12:53:17.254Z
sensor.adaptivecharge_stormbreaker_energy_charged_yearly,35.307,2026-03-08T12:53:27.254Z
sensor.adaptivecharge_stormbreaker_energy_charged_yearly,35.317,2026-03-08T12:53:37.255Z
sensor.adaptivecharge_stormbreaker_energy_charged_yearly,35.327,2026-03-08T12:53:47.257Z
sensor.adaptivecharge_stormbreaker_energy_charged_yearly,35.337,2026-03-08T12:53:57.258Z
sensor.adaptivecharge_stormbreaker_energy_charged_yearly,35.346,2026-03-08T12:54:07.259Z
sensor.adaptivecharge_stormbreaker_energy_charged_yearly,35.356,2026-03-08T12:54:17.259Z
sensor.adaptivecharge_stormbreaker_battery_energy_delta_daily,11.08,2026-03-08T12:40:00.000Z
sensor.adaptivecharge_stormbreaker_battery_energy_delta_daily,11.22,2026-03-08T12:40:27.177Z
sensor.adaptivecharge_stormbreaker_battery_energy_delta_daily,11.36,2026-03-08T12:43:37.193Z
sensor.adaptivecharge_stormbreaker_battery_energy_delta_daily,11.48,2026-03-08T12:45:27.369Z
sensor.adaptivecharge_stormbreaker_battery_energy_delta_daily,11.60,2026-03-08T12:49:37.230Z
sensor.adaptivecharge_stormbreaker_battery_energy_delta_daily,11.74,2026-03-08T12:52:07.245Z
sensor.adaptivecharge_stormbreaker_battery_energy_delta_monthly,17.20,2026-03-08T12:40:00.000Z
sensor.adaptivecharge_stormbreaker_battery_energy_delta_monthly,17.34,2026-03-08T12:40:27.178Z
sensor.adaptivecharge_stormbreaker_battery_energy_delta_monthly,17.48,2026-03-08T12:43:37.193Z
sensor.adaptivecharge_stormbreaker_battery_energy_delta_monthly,17.60,2026-03-08T12:45:27.369Z
sensor.adaptivecharge_stormbreaker_battery_energy_delta_monthly,17.72,2026-03-08T12:49:37.230Z
sensor.adaptivecharge_stormbreaker_battery_energy_delta_monthly,17.86,2026-03-08T12:52:07.245Z
sensor.adaptivecharge_stormbreaker_battery_energy_delta_yearly,17.20,2026-03-08T12:40:00.000Z
sensor.adaptivecharge_stormbreaker_battery_energy_delta_yearly,17.34,2026-03-08T12:40:27.178Z
sensor.adaptivecharge_stormbreaker_battery_energy_delta_yearly,17.48,2026-03-08T12:43:37.193Z
sensor.adaptivecharge_stormbreaker_battery_energy_delta_yearly,17.60,2026-03-08T12:45:27.369Z
sensor.adaptivecharge_stormbreaker_battery_energy_delta_yearly,17.72,2026-03-08T12:49:37.230Z
sensor.adaptivecharge_stormbreaker_battery_energy_delta_yearly,17.86,2026-03-08T12:52:07.245Z
sensor.adaptivecharge_stormbreaker_energy_needed_full,15.6,2026-03-08T12:40:00.000Z
sensor.adaptivecharge_stormbreaker_energy_needed_full,14.98,2026-03-08T12:52:17.248Z
sensor.adaptivecharge_stormbreaker_solar_to_ev_ratio,58.68,2026-03-08T12:40:00.000Z
sensor.adaptivecharge_stormbreaker_solar_to_ev_ratio,58.69,2026-03-08T12:40:07.172Z
sensor.adaptivecharge_stormbreaker_solar_to_ev_ratio,58.7,2026-03-08T12:40:17.174Z
sensor.adaptivecharge_stormbreaker_solar_to_ev_ratio,58.71,2026-03-08T12:40:37.177Z
sensor.adaptivecharge_stormbreaker_solar_to_ev_ratio,58.72,2026-03-08T12:40:47.177Z
sensor.adaptivecharge_stormbreaker_solar_to_ev_ratio,58.73,2026-03-08T12:41:07.179Z
sensor.adaptivecharge_stormbreaker_solar_to_ev_ratio,58.74,2026-03-08T12:41:17.179Z
sensor.adaptivecharge_stormbreaker_solar_to_ev_ratio,58.75,2026-03-08T12:41:37.181Z
sensor.adaptivecharge_stormbreaker_solar_to_ev_ratio,58.76,2026-03-08T12:41:47.179Z
sensor.adaptivecharge_stormbreaker_solar_to_ev_ratio,58.77,2026-03-08T12:42:07.182Z
sensor.adaptivecharge_stormbreaker_solar_to_ev_ratio,58.78,2026-03-08T12:42:17.182Z
sensor.adaptivecharge_stormbreaker_solar_to_ev_ratio,58.79,2026-03-08T12:42:37.185Z
sensor.adaptivecharge_stormbreaker_solar_to_ev_ratio,58.8,2026-03-08T12:42:47.186Z
sensor.adaptivecharge_stormbreaker_solar_to_ev_ratio,58.81,2026-03-08T12:43:07.186Z
sensor.adaptivecharge_stormbreaker_solar_to_ev_ratio,58.82,2026-03-08T12:43:17.186Z
sensor.adaptivecharge_stormbreaker_solar_to_ev_ratio,58.83,2026-03-08T12:43:37.191Z
sensor.adaptivecharge_stormbreaker_solar_to_ev_ratio,58.84,2026-03-08T12:43:47.193Z
sensor.adaptivecharge_stormbreaker_solar_to_ev_ratio,58.85,2026-03-08T12:44:07.194Z
sensor.adaptivecharge_stormbreaker_solar_to_ev_ratio,58.86,2026-03-08T12:44:17.195Z
sensor.adaptivecharge_stormbreaker_solar_to_ev_ratio,58.87,2026-03-08T12:44:37.198Z
sensor.adaptivecharge_stormbreaker_solar_to_ev_ratio,58.88,2026-03-08T12:44:47.199Z
sensor.adaptivecharge_stormbreaker_solar_to_ev_ratio,58.89,2026-03-08T12:45:07.203Z
sensor.adaptivecharge_stormbreaker_solar_to_ev_ratio,58.9,2026-03-08T12:45:17.206Z
sensor.adaptivecharge_stormbreaker_solar_to_ev_ratio,58.91,2026-03-08T12:45:37.207Z
sensor.adaptivecharge_stormbreaker_solar_to_ev_ratio,58.92,2026-03-08T12:46:57.215Z
sensor.adaptivecharge_stormbreaker_solar_to_ev_ratio,58.91,2026-03-08T12:47:27.371Z
sensor.adaptivecharge_stormbreaker_solar_to_ev_ratio,58.9,2026-03-08T12:47:57.220Z
sensor.adaptivecharge_stormbreaker_solar_to_ev_ratio,58.89,2026-03-08T12:48:27.222Z
sensor.adaptivecharge_stormbreaker_solar_to_ev_ratio,58.88,2026-03-08T12:48:47.224Z
sensor.adaptivecharge_stormbreaker_solar_to_ev_ratio,58.87,2026-03-08T12:49:17.228Z
sensor.adaptivecharge_stormbreaker_solar_to_ev_ratio,58.86,2026-03-08T12:49:37.227Z
sensor.adaptivecharge_stormbreaker_solar_to_ev_ratio,58.87,2026-03-08T12:49:47.230Z
sensor.adaptivecharge_stormbreaker_solar_to_ev_ratio,58.88,2026-03-08T12:49:57.389Z
sensor.adaptivecharge_stormbreaker_solar_to_ev_ratio,58.89,2026-03-08T12:50:17.388Z
sensor.adaptivecharge_stormbreaker_solar_to_ev_ratio,58.9,2026-03-08T12:50:27.236Z
sensor.adaptivecharge_stormbreaker_solar_to_ev_ratio,58.91,2026-03-08T12:50:47.237Z
sensor.adaptivecharge_stormbreaker_solar_to_ev_ratio,58.92,2026-03-08T12:50:57.238Z
sensor.adaptivecharge_stormbreaker_solar_to_ev_ratio,58.93,2026-03-08T12:51:07.239Z
sensor.adaptivecharge_stormbreaker_solar_to_ev_ratio,58.94,2026-03-08T12:51:17.241Z
sensor.adaptivecharge_stormbreaker_solar_to_ev_ratio,58.95,2026-03-08T12:51:27.241Z
sensor.adaptivecharge_stormbreaker_solar_to_ev_ratio,58.96,2026-03-08T12:51:39.542Z
sensor.adaptivecharge_stormbreaker_solar_to_ev_ratio,58.97,2026-03-08T12:51:57.244Z
sensor.adaptivecharge_stormbreaker_solar_to_ev_ratio,58.98,2026-03-08T12:52:37.400Z
sensor.adaptivecharge_stormbreaker_solar_to_ev_ratio,58.99,2026-03-08T12:52:57.251Z
sensor.adaptivecharge_stormbreaker_solar_to_ev_ratio,59.0,2026-03-08T12:53:07.250Z
sensor.adaptivecharge_stormbreaker_solar_to_ev_ratio,59.01,2026-03-08T12:53:27.252Z
sensor.adaptivecharge_stormbreaker_solar_to_ev_ratio,59.02,2026-03-08T12:53:47.256Z
sensor.adaptivecharge_stormbreaker_solar_to_ev_ratio,59.03,2026-03-08T12:53:57.256Z
sensor.adaptivecharge_stormbreaker_solar_to_ev_ratio,59.04,2026-03-08T12:54:17.257Z
sensor.adaptivecharge_stormbreaker_charging_overhead,17.7,2026-03-08T12:40:00.000Z
sensor.adaptivecharge_stormbreaker_charging_overhead,17.5,2026-03-08T12:40:27.176Z
sensor.adaptivecharge_stormbreaker_charging_overhead,18.2,2026-03-08T12:41:27.181Z
sensor.adaptivecharge_stormbreaker_charging_overhead,17.8,2026-03-08T12:43:37.192Z
sensor.adaptivecharge_stormbreaker_charging_overhead,17.5,2026-03-08T12:45:27.359Z
sensor.adaptivecharge_stormbreaker_charging_overhead,17.4,2026-03-08T12:52:07.244Z
sensor.adaptivecharge_stormbreaker_charging_overhead,18.1,2026-03-08T12:53:07.251Z
sensor.adaptivecharge_stormbreaker_range_upper_limit,275.0,2026-03-08T12:40:00.000Z
sensor.adaptivecharge_stormbreaker_range_lower_limit,262.5,2026-03-08T12:40:00.000Z
number.adaptivecharge_stormbreaker_desired_range,250.0,2026-03-08T12:40:00.000Z
sensor.adaptivecharge_stormbreaker_mode,surplus,2026-03-08T12:40:00.000Z
sensor.adaptivecharge_stormbreaker_import_guard_state,ok,2026-03-08T12:40:00.000Z
sensor.adaptivecharge_stormbreaker_import_guard_state,reducing,2026-03-08T12:46:37.367Z
sensor.adaptivecharge_stormbreaker_import_guard_state,ok,2026-03-08T12:47:47.403Z
sensor.adaptivecharge_stormbreaker_last_action,modulate_6A,2026-03-08T12:40:00.000Z
sensor.adaptivecharge_stormbreaker_last_action,modulate_5A,2026-03-08T12:45:27.358Z
sensor.adaptivecharge_stormbreaker_last_action,modulate_4A,2026-03-08T12:45:53.760Z
sensor.adaptivecharge_stormbreaker_last_action,modulate_3A,2026-03-08T12:45:57.359Z
sensor.adaptivecharge_stormbreaker_last_action,modulate_4A,2026-03-08T12:46:27.359Z
sensor.adaptivecharge_stormbreaker_last_action,modulate_3A,2026-03-08T12:46:37.367Z
sensor.adaptivecharge_stormbreaker_last_action,modulate_2A,2026-03-08T12:47:13.560Z
sensor.adaptivecharge_stormbreaker_last_action,modulate_3A,2026-03-08T12:47:27.369Z
sensor.adaptivecharge_stormbreaker_last_action,modulate_4A,2026-03-08T12:47:47.403Z
sensor.adaptivecharge_stormbreaker_last_action,modulate_5A,2026-03-08T12:49:29.261Z
sensor.adaptivecharge_stormbreaker_last_action,modulate_6A,2026-03-08T12:49:57.389Z
sensor.adaptivecharge_stormbreaker_last_action,modulate_7A,2026-03-08T12:50:17.387Z
sensor.adaptivecharge_stormbreaker_last_action,modulate_6A,2026-03-08T12:50:39.493Z
sensor.adaptivecharge_stormbreaker_last_action,modulate_5A,2026-03-08T12:51:39.540Z
sensor.adaptivecharge_stormbreaker_last_action,modulate_4A,2026-03-08T12:51:47.395Z
sensor.adaptivecharge_stormbreaker_last_action,modulate_5A,2026-03-08T12:52:37.399Z
sensor.adaptivecharge_stormbreaker_last_reason,modulate_up,2026-03-08T12:40:00.000Z
sensor.adaptivecharge_stormbreaker_last_reason,modulate_down,2026-03-08T12:45:27.358Z
sensor.adaptivecharge_stormbreaker_last_reason,modulate_up,2026-03-08T12:46:27.359Z
sensor.adaptivecharge_stormbreaker_last_reason,import_guard_reduce,2026-03-08T12:46:37.368Z
sensor.adaptivecharge_stormbreaker_last_reason,modulate_up,2026-03-08T12:47:27.369Z
sensor.adaptivecharge_stormbreaker_last_reason,modulate_down,2026-03-08T12:50:39.493Z
sensor.adaptivecharge_stormbreaker_last_reason,modulate_up,2026-03-08T12:52:37.399Z
sensor.adaptivecharge_stormbreaker_alignment_diagnostics,high,2026-03-08T12:40:00.000Z
sensor.adaptivecharge_stormbreaker_alignment_diagnostics,medium,2026-03-08T12:45:57.360Z
sensor.adaptivecharge_stormbreaker_alignment_diagnostics,high,2026-03-08T12:46:07.209Z
sensor.adaptivecharge_stormbreaker_alignment_diagnostics,medium,2026-03-08T12:47:17.216Z
sensor.adaptivecharge_stormbreaker_alignment_diagnostics,high,2026-03-08T12:47:27.370Z
sensor.adaptivecharge_stormbreaker_alignment_diagnostics,low,2026-03-08T12:49:37.227Z
sensor.adaptivecharge_stormbreaker_alignment_diagnostics,medium,2026-03-08T12:49:57.389Z
sensor.adaptivecharge_stormbreaker_alignment_diagnostics,high,2026-03-08T12:50:27.235Z
sensor.adaptivecharge_stormbreaker_alignment_diagnostics,medium,2026-03-08T12:50:39.494Z
sensor.adaptivecharge_stormbreaker_alignment_diagnostics,high,2026-03-08T12:51:07.238Z
sensor.adaptivecharge_stormbreaker_alignment_diagnostics,medium,2026-03-08T12:51:47.396Z
sensor.adaptivecharge_stormbreaker_alignment_diagnostics,high,2026-03-08T12:52:07.243Z
sensor.adaptivecharge_stormbreaker_version,4.3.6,2026-03-08T12:40:00.000Z
binary_sensor.adaptivecharge_stormbreaker_force_charge,off,2026-03-08T12:40:00.000Z
binary_sensor.adaptivecharge_stormbreaker_charging_active,on,2026-03-08T12:40:00.000Z
binary_sensor.adaptivecharge_stormbreaker_low_power_active,off,2026-03-08T12:40:00.000Z
switch.adaptivecharge_stormbreaker_controller_enabled,on,2026-03-08T12:40:00.000Z
switch.adaptivecharge_stormbreaker_charge_now,off,2026-03-08T12:40:00.000Z
switch.adaptivecharge_stormbreaker_charge_tonight,off,2026-03-08T12:40:00.000Z
select.adaptivecharge_stormbreaker_charging_priority,balance,2026-03-08T12:40:00.000Z
